domain,measure_id,label,group_id,group_label,n,N,excluded,pct,ci_low,ci_high
profile_sex,sex_male,ชาย,all,ผู้ตอบทั้งหมด,864,2017,0,42.8359,40.692,45.007
profile_sex,sex_male,ชาย,municipal,ในเขตเทศบาล,304,697,0,43.6155,39.9789,47.3221
profile_sex,sex_male,ชาย,non_municipal,นอกเขตเทศบาล,560,1320,0,42.4242,39.7838,45.1086
profile_sex,sex_female,หญิง,all,ผู้ตอบทั้งหมด,1091,2017,0,54.0902,51.9098,56.2551
profile_sex,sex_female,หญิง,municipal,ในเขตเทศบาล,372,697,0,53.3716,49.6597,57.0465
profile_sex,sex_female,หญิง,non_municipal,นอกเขตเทศบาล,719,1320,0,54.4697,51.7741,57.1394
profile_sex,sex_other,เพศอื่น,all,ผู้ตอบทั้งหมด,47,2017,0,2.3302,1.7569,3.0848
profile_sex,sex_other,เพศอื่น,municipal,ในเขตเทศบาล,14,697,0,2.0086,1.2002,3.3431
profile_sex,sex_other,เพศอื่น,non_municipal,นอกเขตเทศบาล,33,1320,0,2.5,1.7856,3.4901
profile_sex,sex_refused,ไม่ประสงค์ระบุเพศ,all,ผู้ตอบทั้งหมด,15,2017,0,0.7437,0.4512,1.2234
profile_sex,sex_refused,ไม่ประสงค์ระบุเพศ,municipal,ในเขตเทศบาล,7,697,0,1.0043,0.4873,2.0584
profile_sex,sex_refused,ไม่ประสงค์ระบุเพศ,non_municipal,นอกเขตเทศบาล,8,1320,0,0.6061,0.3074,1.1914
profile_age,age_18-29,18–29 ปี,all,ผู้ตอบทั้งหมด,359,2017,0,17.7987,16.1911,19.5287
profile_age,age_18-29,18–29 ปี,municipal,ในเขตเทศบาล,142,697,0,20.373,17.5491,23.5218
profile_age,age_18-29,18–29 ปี,non_municipal,นอกเขตเทศบาล,217,1320,0,16.4394,14.5379,18.5357
profile_age,age_30-39,30–39 ปี,all,ผู้ตอบทั้งหมด,372,2017,0,18.4432,16.8112,20.1952
profile_age,age_30-39,30–39 ปี,municipal,ในเขตเทศบาล,125,697,0,17.934,15.2641,20.9555
profile_age,age_30-39,30–39 ปี,non_municipal,นอกเขตเทศบาล,247,1320,0,18.7121,16.7001,20.9058
profile_age,age_40-49,40–49 ปี,all,ผู้ตอบทั้งหมด,378,2017,0,18.7407,17.0977,20.5026
profile_age,age_40-49,40–49 ปี,municipal,ในเขตเทศบาล,126,697,0,18.0775,15.398,21.1069
profile_age,age_40-49,40–49 ปี,non_municipal,นอกเขตเทศบาล,252,1320,0,19.0909,17.0616,21.2996
profile_age,age_50-59,50–59 ปี,all,ผู้ตอบทั้งหมด,384,2017,0,19.0382,17.3843,20.8098
profile_age,age_50-59,50–59 ปี,municipal,ในเขตเทศบาล,124,697,0,17.7905,15.1302,20.8039
profile_age,age_50-59,50–59 ปี,non_municipal,นอกเขตเทศบาล,260,1320,0,19.697,17.6407,21.9291
profile_age,age_60-69,60–69 ปี,all,ผู้ตอบทั้งหมด,324,2017,0,16.0635,14.5257,17.7302
profile_age,age_60-69,60–69 ปี,municipal,ในเขตเทศบาล,132,697,0,18.9383,16.2028,22.0143
profile_age,age_60-69,60–69 ปี,non_municipal,นอกเขตเทศบาล,192,1320,0,14.5455,12.7464,16.5503
profile_age,age_70-79,70–79 ปี,all,ผู้ตอบทั้งหมด,151,2017,0,7.4864,6.4169,8.7174
profile_age,age_70-79,70–79 ปี,municipal,ในเขตเทศบาล,36,697,0,5.165,3.7539,7.0676
profile_age,age_70-79,70–79 ปี,non_municipal,นอกเขตเทศบาล,115,1320,0,8.7121,7.3081,10.3558
profile_age,age_80+,80 ปีขึ้นไป,all,ผู้ตอบทั้งหมด,49,2017,0,2.4294,1.8425,3.1971
profile_age,age_80+,80 ปีขึ้นไป,municipal,ในเขตเทศบาล,12,697,0,1.7217,0.9876,2.985
profile_age,age_80+,80 ปีขึ้นไป,non_municipal,นอกเขตเทศบาล,37,1320,0,2.803,2.0404,3.8396
profile_education,education_0,ต่ำกว่าประถมศึกษา,all,ผู้ตอบทั้งหมด,109,2017,0,5.4041,4.4994,6.4783
profile_education,education_0,ต่ำกว่าประถมศึกษา,municipal,ในเขตเทศบาล,28,697,0,4.0172,2.7938,5.7447
profile_education,education_0,ต่ำกว่าประถมศึกษา,non_municipal,นอกเขตเทศบาล,81,1320,0,6.1364,4.9646,7.5627
profile_education,education_1,ประถมศึกษา,all,ผู้ตอบทั้งหมด,342,2017,0,16.9559,15.3814,18.6559
profile_education,education_1,ประถมศึกษา,municipal,ในเขตเทศบาล,92,697,0,13.1994,10.8871,15.9152
profile_education,education_1,ประถมศึกษา,non_municipal,นอกเขตเทศบาล,250,1320,0,18.9394,16.9169,21.1421
profile_education,education_2,มัธยมศึกษาตอนต้น,all,ผู้ตอบทั้งหมด,250,2017,0,12.3946,11.0277,13.9046
profile_education,education_2,มัธยมศึกษาตอนต้น,municipal,ในเขตเทศบาล,67,697,0,9.6126,7.6405,12.0275
profile_education,education_2,มัธยมศึกษาตอนต้น,non_municipal,นอกเขตเทศบาล,183,1320,0,13.8636,12.104,15.8329
profile_education,education_3,มัธยมศึกษาตอนปลาย/ปวช.,all,ผู้ตอบทั้งหมด,470,2017,0,23.3019,21.5088,25.1966
profile_education,education_3,มัธยมศึกษาตอนปลาย/ปวช.,municipal,ในเขตเทศบาล,155,697,0,22.2382,19.3078,25.4728
profile_education,education_3,มัธยมศึกษาตอนปลาย/ปวช.,non_municipal,นอกเขตเทศบาล,315,1320,0,23.8636,21.6421,26.2368
profile_education,education_4,อนุปริญญา/ปวส.,all,ผู้ตอบทั้งหมด,288,2017,0,14.2786,12.8197,15.8734
profile_education,education_4,อนุปริญญา/ปวส.,municipal,ในเขตเทศบาล,99,697,0,14.2037,11.808,16.9919
profile_education,education_4,อนุปริญญา/ปวส.,non_municipal,นอกเขตเทศบาล,189,1320,0,14.3182,12.5321,16.3113
profile_education,education_5,ปริญญาตรีขึ้นไป,all,ผู้ตอบทั้งหมด,558,2017,0,27.6648,25.7565,29.6582
profile_education,education_5,ปริญญาตรีขึ้นไป,municipal,ในเขตเทศบาล,256,697,0,36.7288,33.2319,40.3713
profile_education,education_5,ปริญญาตรีขึ้นไป,non_municipal,นอกเขตเทศบาล,302,1320,0,22.8788,20.6934,25.2216
profile_income,income_under30,"ต่ำกว่า 30,000 บาท/เดือน",all,ผู้ตอบทั้งหมด,1465,2017,0,72.6326,70.6453,74.5339
profile_income,income_under30,"ต่ำกว่า 30,000 บาท/เดือน",municipal,ในเขตเทศบาล,474,697,0,68.0057,64.4522,71.3619
profile_income,income_under30,"ต่ำกว่า 30,000 บาท/เดือน",non_municipal,นอกเขตเทศบาล,991,1320,0,75.0758,72.6717,77.3343
profile_income,income_30to60,"30,000–59,999 บาท/เดือน",all,ผู้ตอบทั้งหมด,449,2017,0,22.2608,20.499,24.128
profile_income,income_30to60,"30,000–59,999 บาท/เดือน",municipal,ในเขตเทศบาล,178,697,0,25.538,22.4408,28.9034
profile_income,income_30to60,"30,000–59,999 บาท/เดือน",non_municipal,นอกเขตเทศบาล,271,1320,0,20.5303,18.4383,22.7933
profile_income,income_60plus,"60,000 บาท/เดือนขึ้นไป",all,ผู้ตอบทั้งหมด,103,2017,0,5.1066,4.2284,6.1555
profile_income,income_60plus,"60,000 บาท/เดือนขึ้นไป",municipal,ในเขตเทศบาล,45,697,0,6.4562,4.8599,8.5299
profile_income,income_60plus,"60,000 บาท/เดือนขึ้นไป",non_municipal,นอกเขตเทศบาล,58,1320,0,4.3939,3.4143,5.6383
profile_scheme,scheme_UCS,หลักประกันสุขภาพแห่งชาติ,all,ผู้ตอบทั้งหมด,1317,2017,0,65.295,63.1902,67.3416
profile_scheme,scheme_UCS,หลักประกันสุขภาพแห่งชาติ,municipal,ในเขตเทศบาล,437,697,0,62.6973,59.0466,66.2088
profile_scheme,scheme_UCS,หลักประกันสุขภาพแห่งชาติ,non_municipal,นอกเขตเทศบาล,880,1320,0,66.6667,64.0785,69.1581
profile_scheme,scheme_SSS,ประกันสังคม,all,ผู้ตอบทั้งหมด,474,2017,0,23.5002,21.7013,25.3999
profile_scheme,scheme_SSS,ประกันสังคม,municipal,ในเขตเทศบาล,185,697,0,26.5423,23.3993,29.9425
profile_scheme,scheme_SSS,ประกันสังคม,non_municipal,นอกเขตเทศบาล,289,1320,0,21.8939,19.7464,24.2046
profile_scheme,scheme_CSMBS,สวัสดิการข้าราชการ,all,ผู้ตอบทั้งหมด,205,2017,0,10.1636,8.9197,11.559
profile_scheme,scheme_CSMBS,สวัสดิการข้าราชการ,municipal,ในเขตเทศบาล,68,697,0,9.7561,7.7689,12.1845
profile_scheme,scheme_CSMBS,สวัสดิการข้าราชการ,non_municipal,นอกเขตเทศบาล,137,1320,0,10.3788,8.8468,12.1407
profile_scheme,scheme_other_public,สิทธิรัฐอื่น,all,ผู้ตอบทั้งหมด,1,2017,0,0.0496,0.0088,0.2803
profile_scheme,scheme_other_public,สิทธิรัฐอื่น,municipal,ในเขตเทศบาล,0,697,0,0.0,0.0,0.5481
profile_scheme,scheme_other_public,สิทธิรัฐอื่น,non_municipal,นอกเขตเทศบาล,1,1320,0,0.0758,0.0134,0.4279
profile_scheme,scheme_unknown,ไม่ทราบสิทธิหลัก,all,ผู้ตอบทั้งหมด,20,2017,0,0.9916,0.6428,1.5267
profile_scheme,scheme_unknown,ไม่ทราบสิทธิหลัก,municipal,ในเขตเทศบาล,7,697,0,1.0043,0.4873,2.0584
profile_scheme,scheme_unknown,ไม่ทราบสิทธิหลัก,non_municipal,นอกเขตเทศบาล,13,1320,0,0.9848,0.5764,1.6777
profile_scheme,private_insurance,มีประกันสุขภาพเอกชน,all,ผู้ตอบทั้งหมด,304,2017,0,15.0719,13.577,16.6996
profile_scheme,private_insurance,มีประกันสุขภาพเอกชน,municipal,ในเขตเทศบาล,139,697,0,19.9426,17.1446,23.0702
profile_scheme,private_insurance,มีประกันสุขภาพเอกชน,non_municipal,นอกเขตเทศบาล,165,1320,0,12.5,10.824,14.3936
health,health_good,สุขภาพร่างกายดีขึ้นไป,all,ผู้ตอบทั้งหมด,1589,2017,0,78.7804,76.9422,80.5091
health,health_good,สุขภาพร่างกายดีขึ้นไป,municipal,ในเขตเทศบาล,523,697,0,75.0359,71.6914,78.1059
health,health_good,สุขภาพร่างกายดีขึ้นไป,non_municipal,นอกเขตเทศบาล,1066,1320,0,80.7576,78.543,82.7937
health,health_good,สุขภาพร่างกายดีขึ้นไป,has_usual,มีหน่วยบริการประจำ,1141,1529,0,74.6239,72.3829,76.7416
health,health_good,สุขภาพร่างกายดีขึ้นไป,no_usual,ไม่มีหน่วยบริการประจำ,448,488,0,91.8033,89.0306,93.923
health,health_good,สุขภาพร่างกายดีขึ้นไป,public,หน่วยบริการประจำภาครัฐ,885,1252,0,70.6869,68.1053,73.142
health,health_good,สุขภาพร่างกายดีขึ้นไป,private,หน่วยบริการประจำภาคเอกชน,248,269,0,92.1933,88.361,94.8375
health,health_top2,สุขภาพร่างกายดีมาก/ดีเยี่ยม,all,ผู้ตอบทั้งหมด,647,2017,0,32.0773,30.076,34.1468
health,health_top2,สุขภาพร่างกายดีมาก/ดีเยี่ยม,municipal,ในเขตเทศบาล,238,697,0,34.1463,30.7214,37.7451
health,health_top2,สุขภาพร่างกายดีมาก/ดีเยี่ยม,non_municipal,นอกเขตเทศบาล,409,1320,0,30.9848,28.5484,33.5317
health,health_top2,สุขภาพร่างกายดีมาก/ดีเยี่ยม,has_usual,มีหน่วยบริการประจำ,432,1529,0,28.2538,26.0537,30.5628
health,health_top2,สุขภาพร่างกายดีมาก/ดีเยี่ยม,no_usual,ไม่มีหน่วยบริการประจำ,215,488,0,44.0574,39.7161,48.4915
health,health_top2,สุขภาพร่างกายดีมาก/ดีเยี่ยม,public,หน่วยบริการประจำภาครัฐ,329,1252,0,26.278,23.9151,28.7859
health,health_top2,สุขภาพร่างกายดีมาก/ดีเยี่ยม,private,หน่วยบริการประจำภาคเอกชน,100,269,0,37.1747,31.6181,43.0925
health,mental_good,สุขภาพจิตดีขึ้นไป,all,ผู้ตอบทั้งหมด,1788,2017,0,88.6465,87.1879,89.9582
health,mental_good,สุขภาพจิตดีขึ้นไป,municipal,ในเขตเทศบาล,604,697,0,86.6571,83.9307,88.9817
health,mental_good,สุขภาพจิตดีขึ้นไป,non_municipal,นอกเขตเทศบาล,1184,1320,0,89.697,87.9402,91.2234
health,mental_good,สุขภาพจิตดีขึ้นไป,has_usual,มีหน่วยบริการประจำ,1325,1529,0,86.6579,84.8614,88.2708
health,mental_good,สุขภาพจิตดีขึ้นไป,no_usual,ไม่มีหน่วยบริการประจำ,463,488,0,94.877,92.5469,96.5062
health,mental_good,สุขภาพจิตดีขึ้นไป,public,หน่วยบริการประจำภาครัฐ,1063,1252,0,84.9042,82.8145,86.7803
health,mental_good,สุขภาพจิตดีขึ้นไป,private,หน่วยบริการประจำภาคเอกชน,254,269,0,94.4238,91.0047,96.592
health,chronic,ภาวะเจ็บป่วยเรื้อรังตั้งแต่หกเดือน,all,ผู้ตอบทั้งหมด,652,2017,0,32.3252,30.3193,34.3983
health,chronic,ภาวะเจ็บป่วยเรื้อรังตั้งแต่หกเดือน,municipal,ในเขตเทศบาล,247,697,0,35.4376,31.9752,39.0596
health,chronic,ภาวะเจ็บป่วยเรื้อรังตั้งแต่หกเดือน,non_municipal,นอกเขตเทศบาล,405,1320,0,30.6818,28.253,33.2228
health,chronic,ภาวะเจ็บป่วยเรื้อรังตั้งแต่หกเดือน,has_usual,มีหน่วยบริการประจำ,600,1529,0,39.2413,36.8237,41.7129
health,chronic,ภาวะเจ็บป่วยเรื้อรังตั้งแต่หกเดือน,no_usual,ไม่มีหน่วยบริการประจำ,52,488,0,10.6557,8.2189,13.7071
health,chronic,ภาวะเจ็บป่วยเรื้อรังตั้งแต่หกเดือน,public,หน่วยบริการประจำภาครัฐ,533,1252,0,42.5719,39.8598,45.3294
health,chronic,ภาวะเจ็บป่วยเรื้อรังตั้งแต่หกเดือน,private,หน่วยบริการประจำภาคเอกชน,64,269,0,23.7918,19.0948,29.2268
health,activation,มั่นใจดูแลสุขภาพเชิงรุกทั้งสองข้อ,all,ผู้ตอบทั้งหมด,1563,2017,0,77.4913,75.6174,79.2607
health,activation,มั่นใจดูแลสุขภาพเชิงรุกทั้งสองข้อ,municipal,ในเขตเทศบาล,516,697,0,74.0316,70.651,77.1487
health,activation,มั่นใจดูแลสุขภาพเชิงรุกทั้งสองข้อ,non_municipal,นอกเขตเทศบาล,1047,1320,0,79.3182,77.0497,81.4165
health,activation,มั่นใจดูแลสุขภาพเชิงรุกทั้งสองข้อ,has_usual,มีหน่วยบริการประจำ,1174,1529,0,76.7822,74.6003,78.8298
health,activation,มั่นใจดูแลสุขภาพเชิงรุกทั้งสองข้อ,no_usual,ไม่มีหน่วยบริการประจำ,389,488,0,79.7131,75.9196,83.0425
health,activation,มั่นใจดูแลสุขภาพเชิงรุกทั้งสองข้อ,public,หน่วยบริการประจำภาครัฐ,936,1252,0,74.7604,72.281,77.0883
health,activation,มั่นใจดูแลสุขภาพเชิงรุกทั้งสองข้อ,private,หน่วยบริการประจำภาคเอกชน,232,269,0,86.2454,81.6165,89.8536
health,activation_strict,มั่นใจมากทั้งสองข้อ,all,ผู้ตอบทั้งหมด,383,2017,0,18.9886,17.3365,20.7586
health,activation_strict,มั่นใจมากทั้งสองข้อ,municipal,ในเขตเทศบาล,137,697,0,19.6557,16.8752,22.7688
health,activation_strict,มั่นใจมากทั้งสองข้อ,non_municipal,นอกเขตเทศบาล,246,1320,0,18.6364,16.6278,20.827
health,activation_strict,มั่นใจมากทั้งสองข้อ,has_usual,มีหน่วยบริการประจำ,284,1529,0,18.5742,16.7045,20.6014
health,activation_strict,มั่นใจมากทั้งสองข้อ,no_usual,ไม่มีหน่วยบริการประจำ,99,488,0,20.2869,16.9575,24.0804
health,activation_strict,มั่นใจมากทั้งสองข้อ,public,หน่วยบริการประจำภาครัฐ,213,1252,0,17.0128,15.0331,19.1943
health,activation_strict,มั่นใจมากทั้งสองข้อ,private,หน่วยบริการประจำภาคเอกชน,70,269,0,26.0223,21.1428,31.577
use,admission,นอนโรงพยาบาลใน 12 เดือน,all,ผู้ตอบทั้งหมด,341,2017,0,16.9063,15.3339,18.6046
use,admission,นอนโรงพยาบาลใน 12 เดือน,municipal,ในเขตเทศบาล,148,697,0,21.2339,18.3597,24.4234
use,admission,นอนโรงพยาบาลใน 12 เดือน,non_municipal,นอกเขตเทศบาล,193,1320,0,14.6212,12.8179,16.6299
use,admission,นอนโรงพยาบาลใน 12 เดือน,has_usual,มีหน่วยบริการประจำ,303,1529,0,19.8169,17.8956,21.8895
use,admission,นอนโรงพยาบาลใน 12 เดือน,no_usual,ไม่มีหน่วยบริการประจำ,38,488,0,7.7869,5.7256,10.5076
use,admission,นอนโรงพยาบาลใน 12 เดือน,public,หน่วยบริการประจำภาครัฐ,244,1252,0,19.4888,17.3894,21.7749
use,admission,นอนโรงพยาบาลใน 12 เดือน,private,หน่วยบริการประจำภาคเอกชน,56,269,0,20.8178,16.3937,26.0637
use,unmet,มีความจำเป็นแต่ไม่ได้รับบริการ,all,ผู้ตอบทั้งหมด,354,2017,0,17.5508,15.9528,19.2722
use,unmet,มีความจำเป็นแต่ไม่ได้รับบริการ,municipal,ในเขตเทศบาล,134,697,0,19.2253,16.4716,22.3163
use,unmet,มีความจำเป็นแต่ไม่ได้รับบริการ,non_municipal,นอกเขตเทศบาล,220,1320,0,16.6667,14.7535,18.7733
use,unmet,มีความจำเป็นแต่ไม่ได้รับบริการ,has_usual,มีหน่วยบริการประจำ,277,1529,0,18.1164,16.2665,20.1261
use,unmet,มีความจำเป็นแต่ไม่ได้รับบริการ,no_usual,ไม่มีหน่วยบริการประจำ,77,488,0,15.7787,12.8132,19.2787
use,unmet,มีความจำเป็นแต่ไม่ได้รับบริการ,public,หน่วยบริการประจำภาครัฐ,211,1252,0,16.853,14.8816,19.0273
use,unmet,มีความจำเป็นแต่ไม่ได้รับบริการ,private,หน่วยบริการประจำภาคเอกชน,64,269,0,23.7918,19.0948,29.2268
use,homevisit,ได้รับการเยี่ยมบ้านใน 12 เดือน,all,ผู้ตอบทั้งหมด,352,2017,0,17.4517,15.8575,19.1695
use,homevisit,ได้รับการเยี่ยมบ้านใน 12 เดือน,municipal,ในเขตเทศบาล,74,697,0,10.6169,8.5419,13.1237
use,homevisit,ได้รับการเยี่ยมบ้านใน 12 เดือน,non_municipal,นอกเขตเทศบาล,278,1320,0,21.0606,18.9466,23.3426
use,homevisit,ได้รับการเยี่ยมบ้านใน 12 เดือน,has_usual,มีหน่วยบริการประจำ,299,1529,0,19.5553,17.6446,21.6186
use,homevisit,ได้รับการเยี่ยมบ้านใน 12 เดือน,no_usual,ไม่มีหน่วยบริการประจำ,53,488,0,10.8607,8.3996,13.9331
use,homevisit,ได้รับการเยี่ยมบ้านใน 12 เดือน,public,หน่วยบริการประจำภาครัฐ,279,1252,0,22.2843,20.0659,24.6723
use,homevisit,ได้รับการเยี่ยมบ้านใน 12 เดือน,private,หน่วยบริการประจำภาคเอกชน,18,269,0,6.6914,4.2742,10.3282
use,telemedicine,ใช้บริการทางไกลใน 12 เดือน,all,ผู้ตอบทั้งหมด,146,2017,0,7.2385,6.1871,8.4524
use,telemedicine,ใช้บริการทางไกลใน 12 เดือน,municipal,ในเขตเทศบาล,65,697,0,9.3257,7.3842,11.713
use,telemedicine,ใช้บริการทางไกลใน 12 เดือน,non_municipal,นอกเขตเทศบาล,81,1320,0,6.1364,4.9646,7.5627
use,telemedicine,ใช้บริการทางไกลใน 12 เดือน,has_usual,มีหน่วยบริการประจำ,116,1529,0,7.5867,6.3632,9.0227
use,telemedicine,ใช้บริการทางไกลใน 12 เดือน,no_usual,ไม่มีหน่วยบริการประจำ,30,488,0,6.1475,4.3398,8.6403
use,telemedicine,ใช้บริการทางไกลใน 12 เดือน,public,หน่วยบริการประจำภาครัฐ,93,1252,0,7.4281,6.1022,9.0145
use,telemedicine,ใช้บริการทางไกลใน 12 เดือน,private,หน่วยบริการประจำภาคเอกชน,22,269,0,8.1784,5.4628,12.0718
use,borrowed,เคยกู้ยืม/ขายทรัพย์สินเพื่อรักษา,all,ผู้ตอบทั้งหมด,112,2017,0,5.5528,4.6353,6.6393
use,borrowed,เคยกู้ยืม/ขายทรัพย์สินเพื่อรักษา,municipal,ในเขตเทศบาล,47,697,0,6.7432,5.1086,8.8519
use,borrowed,เคยกู้ยืม/ขายทรัพย์สินเพื่อรักษา,non_municipal,นอกเขตเทศบาล,65,1320,0,4.9242,3.8822,6.2279
use,borrowed,เคยกู้ยืม/ขายทรัพย์สินเพื่อรักษา,has_usual,มีหน่วยบริการประจำ,96,1529,0,6.2786,5.1689,7.6075
use,borrowed,เคยกู้ยืม/ขายทรัพย์สินเพื่อรักษา,no_usual,ไม่มีหน่วยบริการประจำ,16,488,0,3.2787,2.0281,5.2591
use,borrowed,เคยกู้ยืม/ขายทรัพย์สินเพื่อรักษา,public,หน่วยบริการประจำภาครัฐ,83,1252,0,6.6294,5.3797,8.1445
use,borrowed,เคยกู้ยืม/ขายทรัพย์สินเพื่อรักษา,private,หน่วยบริการประจำภาคเอกชน,11,269,0,4.0892,2.2984,7.1728
confidence,good_care,มั่นใจว่าจะได้รับบริการคุณภาพ,all,ผู้ตอบทั้งหมด,1592,2017,0,78.9291,77.0952,80.653
confidence,good_care,มั่นใจว่าจะได้รับบริการคุณภาพ,municipal,ในเขตเทศบาล,546,697,0,78.3357,75.1265,81.2343
confidence,good_care,มั่นใจว่าจะได้รับบริการคุณภาพ,non_municipal,นอกเขตเทศบาล,1046,1320,0,79.2424,76.9712,81.3439
confidence,good_care,มั่นใจว่าจะได้รับบริการคุณภาพ,has_usual,มีหน่วยบริการประจำ,1237,1529,0,80.9026,78.8558,82.7944
confidence,good_care,มั่นใจว่าจะได้รับบริการคุณภาพ,no_usual,ไม่มีหน่วยบริการประจำ,355,488,0,72.7459,68.6291,76.5074
confidence,good_care,มั่นใจว่าจะได้รับบริการคุณภาพ,public,หน่วยบริการประจำภาครัฐ,1017,1252,0,81.23,78.9728,83.2962
confidence,good_care,มั่นใจว่าจะได้รับบริการคุณภาพ,private,หน่วยบริการประจำภาคเอกชน,213,269,0,79.1822,73.9363,83.6063
confidence,afford,มั่นใจว่าจะจ่ายไหว,all,ผู้ตอบทั้งหมด,1342,2017,0,66.5345,64.4455,68.5606
confidence,afford,มั่นใจว่าจะจ่ายไหว,municipal,ในเขตเทศบาล,465,697,0,66.7145,63.1329,70.1129
confidence,afford,มั่นใจว่าจะจ่ายไหว,non_municipal,นอกเขตเทศบาล,877,1320,0,66.4394,63.8476,68.9358
confidence,afford,มั่นใจว่าจะจ่ายไหว,has_usual,มีหน่วยบริการประจำ,1039,1529,0,67.9529,65.5714,70.2445
confidence,afford,มั่นใจว่าจะจ่ายไหว,no_usual,ไม่มีหน่วยบริการประจำ,303,488,0,62.0902,57.707,66.2845
confidence,afford,มั่นใจว่าจะจ่ายไหว,public,หน่วยบริการประจำภาครัฐ,846,1252,0,67.5719,64.9286,70.1076
confidence,afford,มั่นใจว่าจะจ่ายไหว,private,หน่วยบริการประจำภาคเอกชน,186,269,0,69.145,63.3881,74.3628
confidence,security,มั่นใจทั้งคุณภาพและจ่ายไหว,all,ผู้ตอบทั้งหมด,1298,2017,0,64.353,62.2373,66.4141
confidence,security,มั่นใจทั้งคุณภาพและจ่ายไหว,municipal,ในเขตเทศบาล,444,697,0,63.7016,60.0656,67.1873
confidence,security,มั่นใจทั้งคุณภาพและจ่ายไหว,non_municipal,นอกเขตเทศบาล,854,1320,0,64.697,62.0796,67.2291
confidence,security,มั่นใจทั้งคุณภาพและจ่ายไหว,has_usual,มีหน่วยบริการประจำ,1007,1529,0,65.86,63.4462,68.1944
confidence,security,มั่นใจทั้งคุณภาพและจ่ายไหว,no_usual,ไม่มีหน่วยบริการประจำ,291,488,0,59.6311,55.2192,63.8926
confidence,security,มั่นใจทั้งคุณภาพและจ่ายไหว,public,หน่วยบริการประจำภาครัฐ,821,1252,0,65.5751,62.8992,68.1556
confidence,security,มั่นใจทั้งคุณภาพและจ่ายไหว,private,หน่วยบริการประจำภาคเอกชน,179,269,0,66.5428,60.7063,71.9134
system_ratings,improved,ระบบดีขึ้นในสองปี,all,ผู้ตอบทั้งหมด,607,2017,0,30.0942,28.1319,32.1322
system_ratings,improved,ระบบดีขึ้นในสองปี,municipal,ในเขตเทศบาล,218,697,0,31.2769,27.9456,34.8135
system_ratings,improved,ระบบดีขึ้นในสองปี,non_municipal,นอกเขตเทศบาล,389,1320,0,29.4697,27.0727,31.9859
system_ratings,improved,ระบบดีขึ้นในสองปี,has_usual,มีหน่วยบริการประจำ,471,1529,0,30.8044,28.5408,33.1643
system_ratings,improved,ระบบดีขึ้นในสองปี,no_usual,ไม่มีหน่วยบริการประจำ,136,488,0,27.8689,24.0756,32.0079
system_ratings,improved,ระบบดีขึ้นในสองปี,public,หน่วยบริการประจำภาครัฐ,361,1252,0,28.8339,26.3924,31.4048
system_ratings,improved,ระบบดีขึ้นในสองปี,private,หน่วยบริการประจำภาคเอกชน,105,269,0,39.0335,33.3974,44.9783
system_ratings,works_well,ระบบทำงานดี/ปรับเพียงเล็กน้อย,all,ผู้ตอบทั้งหมด,883,2017,0,43.7779,41.6267,45.9528
system_ratings,works_well,ระบบทำงานดี/ปรับเพียงเล็กน้อย,municipal,ในเขตเทศบาล,278,697,0,39.8852,36.315,43.5663
system_ratings,works_well,ระบบทำงานดี/ปรับเพียงเล็กน้อย,non_municipal,นอกเขตเทศบาล,605,1320,0,45.8333,43.1614,48.5295
system_ratings,works_well,ระบบทำงานดี/ปรับเพียงเล็กน้อย,has_usual,มีหน่วยบริการประจำ,678,1529,0,44.3427,41.8699,46.8439
system_ratings,works_well,ระบบทำงานดี/ปรับเพียงเล็กน้อย,no_usual,ไม่มีหน่วยบริการประจำ,205,488,0,42.0082,37.7082,46.4331
system_ratings,works_well,ระบบทำงานดี/ปรับเพียงเล็กน้อย,public,หน่วยบริการประจำภาครัฐ,563,1252,0,44.9681,42.2321,47.7348
system_ratings,works_well,ระบบทำงานดี/ปรับเพียงเล็กน้อย,private,หน่วยบริการประจำภาคเอกชน,109,269,0,40.5204,34.8271,46.4807
system_ratings,public_quality,คุณภาพระบบรัฐดีมาก/ดีเยี่ยม,all,ผู้ตอบทั้งหมด,363,2017,0,17.997,16.3818,19.7339
system_ratings,public_quality,คุณภาพระบบรัฐดีมาก/ดีเยี่ยม,municipal,ในเขตเทศบาล,154,697,0,22.0947,19.1722,25.3231
system_ratings,public_quality,คุณภาพระบบรัฐดีมาก/ดีเยี่ยม,non_municipal,นอกเขตเทศบาล,209,1320,0,15.8333,13.9635,17.9014
system_ratings,public_quality,คุณภาพระบบรัฐดีมาก/ดีเยี่ยม,has_usual,มีหน่วยบริการประจำ,294,1529,0,19.2283,17.331,21.2798
system_ratings,public_quality,คุณภาพระบบรัฐดีมาก/ดีเยี่ยม,no_usual,ไม่มีหน่วยบริการประจำ,69,488,0,14.1393,11.3275,17.5114
system_ratings,public_quality,คุณภาพระบบรัฐดีมาก/ดีเยี่ยม,public,หน่วยบริการประจำภาครัฐ,248,1252,0,19.8083,17.6944,22.1069
system_ratings,public_quality,คุณภาพระบบรัฐดีมาก/ดีเยี่ยม,private,หน่วยบริการประจำภาคเอกชน,43,269,0,15.9851,12.0894,20.8387
system_ratings,private_quality,คุณภาพระบบเอกชนดีมาก/ดีเยี่ยม,all,ผู้ตอบทั้งหมด,915,2017,0,45.3644,43.2026,47.5438
system_ratings,private_quality,คุณภาพระบบเอกชนดีมาก/ดีเยี่ยม,municipal,ในเขตเทศบาล,323,697,0,46.3415,42.6696,50.0534
system_ratings,private_quality,คุณภาพระบบเอกชนดีมาก/ดีเยี่ยม,non_municipal,นอกเขตเทศบาล,592,1320,0,44.8485,42.1843,47.5425
system_ratings,private_quality,คุณภาพระบบเอกชนดีมาก/ดีเยี่ยม,has_usual,มีหน่วยบริการประจำ,722,1529,0,47.2204,44.7282,49.7266
system_ratings,private_quality,คุณภาพระบบเอกชนดีมาก/ดีเยี่ยม,no_usual,ไม่มีหน่วยบริการประจำ,193,488,0,39.5492,35.3088,43.9528
system_ratings,private_quality,คุณภาพระบบเอกชนดีมาก/ดีเยี่ยม,public,หน่วยบริการประจำภาครัฐ,572,1252,0,45.6869,42.945,48.4552
system_ratings,private_quality,คุณภาพระบบเอกชนดีมาก/ดีเยี่ยม,private,หน่วยบริการประจำภาคเอกชน,147,269,0,54.6468,48.6739,60.4889
system_ratings,listens,มั่นใจว่ารัฐบาลรับฟังประชาชน,all,ผู้ตอบทั้งหมด,1093,2017,0,54.1894,52.0091,56.3538
system_ratings,listens,มั่นใจว่ารัฐบาลรับฟังประชาชน,municipal,ในเขตเทศบาล,350,697,0,50.2152,46.5123,53.9158
system_ratings,listens,มั่นใจว่ารัฐบาลรับฟังประชาชน,non_municipal,นอกเขตเทศบาล,743,1320,0,56.2879,53.5976,58.9417
system_ratings,listens,มั่นใจว่ารัฐบาลรับฟังประชาชน,has_usual,มีหน่วยบริการประจำ,859,1529,0,56.1805,53.6811,58.6489
system_ratings,listens,มั่นใจว่ารัฐบาลรับฟังประชาชน,no_usual,ไม่มีหน่วยบริการประจำ,234,488,0,47.9508,43.5517,52.382
system_ratings,listens,มั่นใจว่ารัฐบาลรับฟังประชาชน,public,หน่วยบริการประจำภาครัฐ,715,1252,0,57.1086,54.3495,59.8242
system_ratings,listens,มั่นใจว่ารัฐบาลรับฟังประชาชน,private,หน่วยบริการประจำภาคเอกชน,138,269,0,51.3011,45.3519,57.2137
system_ratings,covid,การจัดการโควิด-19 ดีมาก/ดีเยี่ยม,all,ผู้ตอบทั้งหมด,308,2017,0,15.2702,13.7666,16.9059
system_ratings,covid,การจัดการโควิด-19 ดีมาก/ดีเยี่ยม,municipal,ในเขตเทศบาล,104,697,0,14.9211,12.4685,17.7582
system_ratings,covid,การจัดการโควิด-19 ดีมาก/ดีเยี่ยม,non_municipal,นอกเขตเทศบาล,204,1320,0,15.4545,13.605,17.5045
system_ratings,covid,การจัดการโควิด-19 ดีมาก/ดีเยี่ยม,has_usual,มีหน่วยบริการประจำ,260,1529,0,17.0046,15.2048,18.9697
system_ratings,covid,การจัดการโควิด-19 ดีมาก/ดีเยี่ยม,no_usual,ไม่มีหน่วยบริการประจำ,48,488,0,9.8361,7.4993,12.8002
system_ratings,covid,การจัดการโควิด-19 ดีมาก/ดีเยี่ยม,public,หน่วยบริการประจำภาครัฐ,213,1252,0,17.0128,15.0331,19.1943
system_ratings,covid,การจัดการโควิด-19 ดีมาก/ดีเยี่ยม,private,หน่วยบริการประจำภาคเอกชน,45,269,0,16.7286,12.7437,21.6504
own_provider,own_quality,หน่วยบริการประจำดีมาก/ดีเยี่ยม,all,ผู้ตอบทั้งหมด,619,1529,488,40.484,38.0504,42.9652
own_provider,own_quality,หน่วยบริการประจำดีมาก/ดีเยี่ยม,municipal,ในเขตเทศบาล,255,544,153,46.875,42.7182,51.0757
own_provider,own_quality,หน่วยบริการประจำดีมาก/ดีเยี่ยม,non_municipal,นอกเขตเทศบาล,364,985,335,36.9543,33.9961,40.0139
own_provider,own_quality,หน่วยบริการประจำดีมาก/ดีเยี่ยม,has_usual,มีหน่วยบริการประจำ,619,1529,0,40.484,38.0504,42.9652
own_provider,own_quality,หน่วยบริการประจำดีมาก/ดีเยี่ยม,no_usual,ไม่มีหน่วยบริการประจำ,0,0,488,,,
own_provider,own_quality,หน่วยบริการประจำดีมาก/ดีเยี่ยม,public,หน่วยบริการประจำภาครัฐ,476,1252,0,38.0192,35.3708,40.7409
own_provider,own_quality,หน่วยบริการประจำดีมาก/ดีเยี่ยม,private,หน่วยบริการประจำภาคเอกชน,140,269,0,52.0446,46.0879,57.9438
prevention,bp,วัดความดันโลหิต,all,ผู้ตอบทั้งหมด,1805,2017,0,89.4893,88.075,90.7535
prevention,bp,วัดความดันโลหิต,municipal,ในเขตเทศบาล,633,697,0,90.8178,88.4444,92.7437
prevention,bp,วัดความดันโลหิต,non_municipal,นอกเขตเทศบาล,1172,1320,0,88.7879,86.972,90.3787
prevention,bp,วัดความดันโลหิต,has_usual,มีหน่วยบริการประจำ,1481,1529,0,96.8607,95.8624,97.6241
prevention,bp,วัดความดันโลหิต,no_usual,ไม่มีหน่วยบริการประจำ,324,488,0,66.3934,62.0889,70.4419
prevention,bp,วัดความดันโลหิต,public,หน่วยบริการประจำภาครัฐ,1228,1252,0,98.0831,97.1635,98.7085
prevention,bp,วัดความดันโลหิต,private,หน่วยบริการประจำภาคเอกชน,245,269,0,91.0781,87.0682,93.9312
prevention,sugar,ตรวจน้ำตาลในเลือด,all,ผู้ตอบทั้งหมด,1237,2017,0,61.3287,59.1838,63.4306
prevention,sugar,ตรวจน้ำตาลในเลือด,municipal,ในเขตเทศบาล,446,697,0,63.9885,60.3571,67.4666
prevention,sugar,ตรวจน้ำตาลในเลือด,non_municipal,นอกเขตเทศบาล,791,1320,0,59.9242,57.2555,62.5354
prevention,sugar,ตรวจน้ำตาลในเลือด,has_usual,มีหน่วยบริการประจำ,1024,1529,0,66.9719,64.5745,69.2842
prevention,sugar,ตรวจน้ำตาลในเลือด,no_usual,ไม่มีหน่วยบริการประจำ,213,488,0,43.6475,39.3139,48.0804
prevention,sugar,ตรวจน้ำตาลในเลือด,public,หน่วยบริการประจำภาครัฐ,862,1252,0,68.8498,66.2302,71.3541
prevention,sugar,ตรวจน้ำตาลในเลือด,private,หน่วยบริการประจำภาคเอกชน,156,269,0,57.9926,52.0224,63.7377
prevention,lipid,ตรวจไขมันในเลือด,all,ผู้ตอบทั้งหมด,1158,2017,0,57.412,55.242,59.5538
prevention,lipid,ตรวจไขมันในเลือด,municipal,ในเขตเทศบาล,415,697,0,59.5409,55.8545,63.1227
prevention,lipid,ตรวจไขมันในเลือด,non_municipal,นอกเขตเทศบาล,743,1320,0,56.2879,53.5976,58.9417
prevention,lipid,ตรวจไขมันในเลือด,has_usual,มีหน่วยบริการประจำ,966,1529,0,63.1785,60.7308,65.5603
prevention,lipid,ตรวจไขมันในเลือด,no_usual,ไม่มีหน่วยบริการประจำ,192,488,0,39.3443,35.1094,43.7456
prevention,lipid,ตรวจไขมันในเลือด,public,หน่วยบริการประจำภาครัฐ,814,1252,0,65.016,62.3319,67.6081
prevention,lipid,ตรวจไขมันในเลือด,private,หน่วยบริการประจำภาคเอกชน,148,269,0,55.0186,49.0446,60.8512
prevention,dental,ตรวจสุขภาพช่องปาก,all,ผู้ตอบทั้งหมด,952,2017,0,47.1988,45.0276,49.3807
prevention,dental,ตรวจสุขภาพช่องปาก,municipal,ในเขตเทศบาล,363,697,0,52.0803,48.3704,55.7675
prevention,dental,ตรวจสุขภาพช่องปาก,non_municipal,นอกเขตเทศบาล,589,1320,0,44.6212,41.959,47.3146
prevention,dental,ตรวจสุขภาพช่องปาก,has_usual,มีหน่วยบริการประจำ,786,1529,0,51.4061,48.9006,53.9047
prevention,dental,ตรวจสุขภาพช่องปาก,no_usual,ไม่มีหน่วยบริการประจำ,166,488,0,34.0164,29.9524,38.33
prevention,dental,ตรวจสุขภาพช่องปาก,public,หน่วยบริการประจำภาครัฐ,649,1252,0,51.8371,49.0679,54.5949
prevention,dental,ตรวจสุขภาพช่องปาก,private,หน่วยบริการประจำภาคเอกชน,133,269,0,49.4424,43.5178,55.3827
prevention,vision,ตรวจการมองเห็น,all,ผู้ตอบทั้งหมด,805,2017,0,39.9108,37.7947,42.0652
prevention,vision,ตรวจการมองเห็น,municipal,ในเขตเทศบาล,318,697,0,45.6241,41.9605,49.3357
prevention,vision,ตรวจการมองเห็น,non_municipal,นอกเขตเทศบาล,487,1320,0,36.8939,34.3325,39.5315
prevention,vision,ตรวจการมองเห็น,has_usual,มีหน่วยบริการประจำ,660,1529,0,43.1655,40.703,45.6622
prevention,vision,ตรวจการมองเห็น,no_usual,ไม่มีหน่วยบริการประจำ,145,488,0,29.7131,25.8297,33.9134
prevention,vision,ตรวจการมองเห็น,public,หน่วยบริการประจำภาครัฐ,544,1252,0,43.4505,40.7289,46.2121
prevention,vision,ตรวจการมองเห็น,private,หน่วยบริการประจำภาคเอกชน,110,269,0,40.8922,35.1854,46.8554
prevention,mental_service,รับบริการสุขภาพจิต,all,ผู้ตอบทั้งหมด,446,2017,0,22.112,20.3549,23.9752
prevention,mental_service,รับบริการสุขภาพจิต,municipal,ในเขตเทศบาล,160,697,0,22.9555,19.9867,26.2208
prevention,mental_service,รับบริการสุขภาพจิต,non_municipal,นอกเขตเทศบาล,286,1320,0,21.6667,19.5281,23.9696
prevention,mental_service,รับบริการสุขภาพจิต,has_usual,มีหน่วยบริการประจำ,369,1529,0,24.1334,22.0552,26.3413
prevention,mental_service,รับบริการสุขภาพจิต,no_usual,ไม่มีหน่วยบริการประจำ,77,488,0,15.7787,12.8132,19.2787
prevention,mental_service,รับบริการสุขภาพจิต,public,หน่วยบริการประจำภาครัฐ,302,1252,0,24.1214,21.8331,26.568
prevention,mental_service,รับบริการสุขภาพจิต,private,หน่วยบริการประจำภาคเอกชน,62,269,0,23.0483,18.4163,28.4393
prevention,breast,ตรวจเต้านม/แมมโมแกรม (เพศหญิง),all,ผู้ตอบทั้งหมด,446,1091,926,40.8799,37.9997,43.8241
prevention,breast,ตรวจเต้านม/แมมโมแกรม (เพศหญิง),municipal,ในเขตเทศบาล,149,372,325,40.0538,35.2005,45.1104
prevention,breast,ตรวจเต้านม/แมมโมแกรม (เพศหญิง),non_municipal,นอกเขตเทศบาล,297,719,601,41.3074,37.7638,44.9433
prevention,breast,ตรวจเต้านม/แมมโมแกรม (เพศหญิง),has_usual,มีหน่วยบริการประจำ,372,836,693,44.4976,41.1616,47.8839
prevention,breast,ตรวจเต้านม/แมมโมแกรม (เพศหญิง),no_usual,ไม่มีหน่วยบริการประจำ,74,255,233,29.0196,23.7932,34.8687
prevention,breast,ตรวจเต้านม/แมมโมแกรม (เพศหญิง),public,หน่วยบริการประจำภาครัฐ,304,683,569,44.5095,40.8234,48.257
prevention,breast,ตรวจเต้านม/แมมโมแกรม (เพศหญิง),private,หน่วยบริการประจำภาคเอกชน,63,148,121,42.5676,34.8889,50.6223
prevention,cervical,ตรวจมะเร็งปากมดลูก (เพศหญิง),all,ผู้ตอบทั้งหมด,463,1091,926,42.4381,39.5369,45.3924
prevention,cervical,ตรวจมะเร็งปากมดลูก (เพศหญิง),municipal,ในเขตเทศบาล,153,372,325,41.129,36.2441,46.1953
prevention,cervical,ตรวจมะเร็งปากมดลูก (เพศหญิง),non_municipal,นอกเขตเทศบาล,310,719,601,43.1154,39.5416,46.7625
prevention,cervical,ตรวจมะเร็งปากมดลูก (เพศหญิง),has_usual,มีหน่วยบริการประจำ,389,836,693,46.5311,43.1735,49.9204
prevention,cervical,ตรวจมะเร็งปากมดลูก (เพศหญิง),no_usual,ไม่มีหน่วยบริการประจำ,74,255,233,29.0196,23.7932,34.8687
prevention,cervical,ตรวจมะเร็งปากมดลูก (เพศหญิง),public,หน่วยบริการประจำภาครัฐ,312,683,569,45.6808,41.9796,49.4304
prevention,cervical,ตรวจมะเร็งปากมดลูก (เพศหญิง),private,หน่วยบริการประจำภาคเอกชน,73,148,121,49.3243,41.3893,57.2936
system_ratings,maternal,บริการมารดา/หญิงตั้งครรภ์ดีมาก/ดีเยี่ยม,all,ผู้ตอบทั้งหมด,458,1650,367,27.7576,25.6504,29.968
system_ratings,maternal,บริการมารดา/หญิงตั้งครรภ์ดีมาก/ดีเยี่ยม,municipal,ในเขตเทศบาล,166,533,164,31.1445,27.3598,35.199
system_ratings,maternal,บริการมารดา/หญิงตั้งครรภ์ดีมาก/ดีเยี่ยม,non_municipal,นอกเขตเทศบาล,292,1117,203,26.1415,23.6495,28.7969
system_ratings,maternal,บริการมารดา/หญิงตั้งครรภ์ดีมาก/ดีเยี่ยม,has_usual,มีหน่วยบริการประจำ,366,1266,263,28.91,26.4795,31.468
system_ratings,maternal,บริการมารดา/หญิงตั้งครรภ์ดีมาก/ดีเยี่ยม,no_usual,ไม่มีหน่วยบริการประจำ,92,384,104,23.9583,19.9605,28.472
system_ratings,maternal,บริการมารดา/หญิงตั้งครรภ์ดีมาก/ดีเยี่ยม,public,หน่วยบริการประจำภาครัฐ,306,1034,218,29.5938,26.8912,32.4474
system_ratings,maternal,บริการมารดา/หญิงตั้งครรภ์ดีมาก/ดีเยี่ยม,private,หน่วยบริการประจำภาคเอกชน,57,226,43,25.2212,20.0057,31.2651
system_ratings,child,บริการเด็กดีมาก/ดีเยี่ยม,all,ผู้ตอบทั้งหมด,426,1702,315,25.0294,23.0292,27.142
system_ratings,child,บริการเด็กดีมาก/ดีเยี่ยม,municipal,ในเขตเทศบาล,149,548,149,27.1898,23.6329,31.0642
system_ratings,child,บริการเด็กดีมาก/ดีเยี่ยม,non_municipal,นอกเขตเทศบาล,277,1154,166,24.0035,21.6281,26.5514
system_ratings,child,บริการเด็กดีมาก/ดีเยี่ยม,has_usual,มีหน่วยบริการประจำ,338,1307,222,25.8607,23.5601,28.3029
system_ratings,child,บริการเด็กดีมาก/ดีเยี่ยม,no_usual,ไม่มีหน่วยบริการประจำ,88,395,93,22.2785,18.453,26.638
system_ratings,child,บริการเด็กดีมาก/ดีเยี่ยม,public,หน่วยบริการประจำภาครัฐ,282,1070,182,26.3551,23.8034,29.0761
system_ratings,child,บริการเด็กดีมาก/ดีเยี่ยม,private,หน่วยบริการประจำภาคเอกชน,53,231,38,22.9437,17.9904,28.7822
system_ratings,chronic_care,บริการโรคเรื้อรังดีมาก/ดีเยี่ยม,all,ผู้ตอบทั้งหมด,516,1787,230,28.8752,26.8211,31.0199
system_ratings,chronic_care,บริการโรคเรื้อรังดีมาก/ดีเยี่ยม,municipal,ในเขตเทศบาล,193,594,103,32.4916,28.8482,36.36
system_ratings,chronic_care,บริการโรคเรื้อรังดีมาก/ดีเยี่ยม,non_municipal,นอกเขตเทศบาล,323,1193,127,27.0746,24.6297,29.6666
system_ratings,chronic_care,บริการโรคเรื้อรังดีมาก/ดีเยี่ยม,has_usual,มีหน่วยบริการประจำ,427,1380,149,30.942,28.5589,33.431
system_ratings,chronic_care,บริการโรคเรื้อรังดีมาก/ดีเยี่ยม,no_usual,ไม่มีหน่วยบริการประจำ,89,407,81,21.8673,18.1248,26.1359
system_ratings,chronic_care,บริการโรคเรื้อรังดีมาก/ดีเยี่ยม,public,หน่วยบริการประจำภาครัฐ,352,1126,126,31.2611,28.6211,34.0285
system_ratings,chronic_care,บริการโรคเรื้อรังดีมาก/ดีเยี่ยม,private,หน่วยบริการประจำภาคเอกชน,71,246,23,28.8618,23.5588,34.8148
system_ratings,mental_care,บริการสุขภาพจิตดีมาก/ดีเยี่ยม,all,ผู้ตอบทั้งหมด,350,1648,369,21.2379,19.3313,23.2782
system_ratings,mental_care,บริการสุขภาพจิตดีมาก/ดีเยี่ยม,municipal,ในเขตเทศบาล,127,526,171,24.1445,20.6831,27.9808
system_ratings,mental_care,บริการสุขภาพจิตดีมาก/ดีเยี่ยม,non_municipal,นอกเขตเทศบาล,223,1122,198,19.8752,17.6447,22.3113
system_ratings,mental_care,บริการสุขภาพจิตดีมาก/ดีเยี่ยม,has_usual,มีหน่วยบริการประจำ,275,1266,263,21.722,19.5379,24.0771
system_ratings,mental_care,บริการสุขภาพจิตดีมาก/ดีเยี่ยม,no_usual,ไม่มีหน่วยบริการประจำ,75,382,106,19.6335,15.9608,23.9109
system_ratings,mental_care,บริการสุขภาพจิตดีมาก/ดีเยี่ยม,public,หน่วยบริการประจำภาครัฐ,217,1029,223,21.0884,18.7058,23.6861
system_ratings,mental_care,บริการสุขภาพจิตดีมาก/ดีเยี่ยม,private,หน่วยบริการประจำภาคเอกชน,56,230,39,24.3478,19.2523,30.2862
usual_source,usual_public_primary,ปฐมภูมิภาครัฐ,all,ผู้ตอบทั้งหมด,634,2017,0,31.4328,29.4437,33.4925
usual_source,usual_public_primary,ปฐมภูมิภาครัฐ,municipal,ในเขตเทศบาล,185,697,0,26.5423,23.3993,29.9425
usual_source,usual_public_primary,ปฐมภูมิภาครัฐ,non_municipal,นอกเขตเทศบาล,449,1320,0,34.0152,31.5091,36.614
usual_source,usual_public_hospital,โรงพยาบาลรัฐ,all,ผู้ตอบทั้งหมด,615,2017,0,30.4908,28.5204,32.5354
usual_source,usual_public_hospital,โรงพยาบาลรัฐ,municipal,ในเขตเทศบาล,237,697,0,34.0029,30.5823,37.5988
usual_source,usual_public_hospital,โรงพยาบาลรัฐ,non_municipal,นอกเขตเทศบาล,378,1320,0,28.6364,26.2624,31.1343
usual_source,usual_private_clinic,คลินิกหรือร้านยาเอกชน,all,ผู้ตอบทั้งหมด,142,2017,0,7.0402,6.0035,8.2402
usual_source,usual_private_clinic,คลินิกหรือร้านยาเอกชน,municipal,ในเขตเทศบาล,54,697,0,7.7475,5.9863,9.9719
usual_source,usual_private_clinic,คลินิกหรือร้านยาเอกชน,non_municipal,นอกเขตเทศบาล,88,1320,0,6.6667,5.4428,8.142
usual_source,usual_private_hospital,โรงพยาบาลเอกชน,all,ผู้ตอบทั้งหมด,127,2017,0,6.2965,5.3173,7.4418
usual_source,usual_private_hospital,โรงพยาบาลเอกชน,municipal,ในเขตเทศบาล,63,697,0,9.0387,7.1286,11.3979
usual_source,usual_private_hospital,โรงพยาบาลเอกชน,non_municipal,นอกเขตเทศบาล,64,1320,0,4.8485,3.8151,6.1439
usual_source,usual_none,ไม่มีหน่วยบริการประจำ,all,ผู้ตอบทั้งหมด,488,2017,0,24.1943,22.3756,26.1112
usual_source,usual_none,ไม่มีหน่วยบริการประจำ,municipal,ในเขตเทศบาล,153,697,0,21.9512,19.0367,25.1733
usual_source,usual_none,ไม่มีหน่วยบริการประจำ,non_municipal,นอกเขตเทศบาล,335,1320,0,25.3788,23.1049,27.7955
usual_source,usual_other,ประเภทอื่น/จำแนกสี่กลุ่มไม่ได้,all,ผู้ตอบทั้งหมด,11,2017,0,0.5454,0.3048,0.974
usual_source,usual_other,ประเภทอื่น/จำแนกสี่กลุ่มไม่ได้,municipal,ในเขตเทศบาล,5,697,0,0.7174,0.3068,1.6682
usual_source,usual_other,ประเภทอื่น/จำแนกสี่กลุ่มไม่ได้,non_municipal,นอกเขตเทศบาล,6,1320,0,0.4545,0.2085,0.9881
usual_coverage,has_usual,มีหน่วยบริการประจำ,all,ผู้ตอบทั้งหมด,1529,2017,0,75.8057,73.8888,77.6244
usual_coverage,has_usual,มีหน่วยบริการประจำ,municipal,ในเขตเทศบาล,544,697,0,78.0488,74.8267,80.9633
usual_coverage,has_usual,มีหน่วยบริการประจำ,non_municipal,นอกเขตเทศบาล,985,1320,0,74.6212,72.2045,76.8951
usual_sector,sector_public,ภาครัฐ,all,ผู้ตอบทั้งหมด,1252,2017,0,62.0724,59.9338,64.165
usual_sector,sector_public,ภาครัฐ,municipal,ในเขตเทศบาล,424,697,0,60.8321,57.1584,64.3871
usual_sector,sector_public,ภาครัฐ,non_municipal,นอกเขตเทศบาล,828,1320,0,62.7273,60.0854,65.2953
usual_sector,sector_private,ภาคเอกชน,all,ผู้ตอบทั้งหมด,269,2017,0,13.3366,11.9224,14.8902
usual_sector,sector_private,ภาคเอกชน,municipal,ในเขตเทศบาล,117,697,0,16.7862,14.1953,19.7413
usual_sector,sector_private,ภาคเอกชน,non_municipal,นอกเขตเทศบาล,152,1320,0,11.5152,9.9037,13.3499
usual_setting,setting_nonhospital,หน่วยบริการนอกโรงพยาบาล,all,ผู้ตอบทั้งหมด,783,2017,0,38.82,36.7164,40.9662
usual_setting,setting_nonhospital,หน่วยบริการนอกโรงพยาบาล,municipal,ในเขตเทศบาล,241,697,0,34.5768,31.139,38.1836
usual_setting,setting_nonhospital,หน่วยบริการนอกโรงพยาบาล,non_municipal,นอกเขตเทศบาล,542,1320,0,41.0606,38.4364,43.7367
usual_setting,setting_hospital,ผู้ป่วยนอก/ฉุกเฉินโรงพยาบาล,all,ผู้ตอบทั้งหมด,743,2017,0,36.8369,34.7587,38.9651
usual_setting,setting_hospital,ผู้ป่วยนอก/ฉุกเฉินโรงพยาบาล,municipal,ในเขตเทศบาล,301,697,0,43.1851,39.555,46.8898
usual_setting,setting_hospital,ผู้ป่วยนอก/ฉุกเฉินโรงพยาบาล,non_municipal,นอกเขตเทศบาล,442,1320,0,33.4848,30.9901,36.0755
