Framework component,Construct,Item,Measure type,Comparable across the 4 provider groups?,Regulatory relevance to private hospitals
"Foundations (expectations, health status, individual characteristics)",Urbanicity,Q2 Type of area of residence (4 options),Proxy / unattributed,No — not attributable to any provider,Low / contextual
"Foundations (expectations, health status, individual characteristics)",Age,Q3 Age in years,Proxy / unattributed,No — not attributable to any provider,Low / contextual
"Foundations (expectations, health status, individual characteristics)",Age,Q4 Age band (7 bands),Proxy / unattributed,No — not attributable to any provider,Low / contextual
"Foundations (expectations, health status, individual characteristics)",Sex,Q5 Sex,Proxy / unattributed,No — not attributable to any provider,Low / contextual
"Foundations (expectations, health status, individual characteristics)",Coverage (ownership),Q6 Main public health-coverage scheme,Proxy / unattributed,No — not attributable to any provider,High — contracted-provider arrangements
"Foundations (expectations, health status, individual characteristics)",Coverage (ownership),Q7.1 Privately purchased health insurance,Proxy / unattributed,No — not attributable to any provider,High — contracted-provider arrangements
"Foundations (expectations, health status, individual characteristics)",Coverage (ownership),Q7.2 Employer-purchased health insurance,Proxy / unattributed,No — not attributable to any provider,High — contracted-provider arrangements
"Foundations (expectations, health status, individual characteristics)",Coverage (ownership),Q7.3 No supplementary coverage,Proxy / unattributed,No — not attributable to any provider,High — contracted-provider arrangements
"Foundations (expectations, health status, individual characteristics)",Financing (self-report),Q7.4 No supplementary coverage but pays out of pocket sometimes,Proxy / unattributed,No — not attributable to any provider,High — but the item cannot identify payer at an encounter
"Foundations (expectations, health status, individual characteristics)",Socioeconomic,Q8 Highest education (6 levels),Proxy / unattributed,No — not attributable to any provider,Low / contextual
"Foundations (expectations, health status, individual characteristics)",Health status,Q9 Self-rated physical health,Proxy / unattributed,No — not attributable to any provider,Low / contextual
"Foundations (expectations, health status, individual characteristics)",Health status,Q10 Self-rated mental health,Proxy / unattributed,No — not attributable to any provider,Low / contextual
"Foundations (expectations, health status, individual characteristics)",Health status / need,Q11 Chronic condition >= 6 months,Proxy / unattributed,No — not attributable to any provider,Low / contextual
"Foundations (expectations, health status, individual characteristics)",Patient activation,Q12a Confidence managing own health,Proxy / unattributed,No — not attributable to any provider,Low / contextual
"Foundations (expectations, health status, individual characteristics)",Patient activation,Q12b Confidence voicing concerns unprompted,Proxy / unattributed,No — not attributable to any provider,Low / contextual
"Outcomes (confidence, trust, endorsement, use / preferred source)",Use / preferred source,Q13 Has a usual source of care (12 months),Direct,Yes — attributed to the usual source,Low / contextual
"Outcomes (confidence, trust, endorsement, use / preferred source)",Use / preferred source,Q14 Sector of usual source,Direct,Yes — attributed to the usual source,Low / contextual
"Outcomes (confidence, trust, endorsement, use / preferred source)",Use / preferred source,Q15 Setting of usual source,Direct,Yes — attributed to the usual source,Low / contextual
"Outcomes (confidence, trust, endorsement, use / preferred source)",Use / preferred source,Q15a Type of non-hospital clinic,Direct,Yes — attributed to the usual source,Low / contextual
"Foundations (expectations, health status, individual characteristics)",Expectations / choice,Q16 Main reason for choosing usual source,Direct,Yes — attributed to the usual source,Medium — informs contracting and choice policy
"Processes (competent system, competent care, positive user experience)",Competent care (perceived),"Q17 Quality of usual source, past 12 months",Direct,Yes — attributed to the usual source,High — perceived clinical quality of a licensed provider
"Outcomes (confidence, trust, endorsement, use / preferred source)",Utilisation,Q18 Number of outpatient visits,Proxy / unattributed,No — not attributable to any provider,Low / contextual
"Outcomes (confidence, trust, endorsement, use / preferred source)",Utilisation,Q19 Visit-count band if Q18 unanswerable,Proxy / unattributed,No — not attributable to any provider,Low / contextual
"Processes (competent system, competent care, positive user experience)",Continuity,Q20 All visits at the same facility,Proxy / unattributed,No — not attributable to any provider,Medium — records and continuity obligations
"Outcomes (confidence, trust, endorsement, use / preferred source)",Utilisation,Q22 Number of home visits,Proxy / unattributed,No — not attributable to any provider,Low / contextual
"Outcomes (confidence, trust, endorsement, use / preferred source)",Utilisation,Q23 Number of telemedicine contacts,Proxy / unattributed,No — not attributable to any provider,Low / contextual
"Outcomes (confidence, trust, endorsement, use / preferred source)",Utilisation,Q24 Reason for most recent telemedicine contact,Proxy / unattributed,No — not attributable to any provider,Low / contextual
"Processes (competent system, competent care, positive user experience)",Competent care (perceived),Q25 Quality of telemedicine,Proxy / unattributed,No — not attributable to any provider,High — perceived clinical quality of a licensed provider
"Outcomes (confidence, trust, endorsement, use / preferred source)",Utilisation,"Q26 Admitted overnight, past 12 months",Proxy / unattributed,No — not attributable to any provider,Low / contextual
"Processes (competent system, competent care, positive user experience)",Health-promoting care,Q27A Blood pressure measured,Proxy / unattributed,No — not attributable to any provider,High — prevention obligations of contracted providers
"Processes (competent system, competent care, positive user experience)",Health-promoting care,Q27B Breast examination / mammogram,Proxy / unattributed,No — not attributable to any provider,High — prevention obligations of contracted providers
"Processes (competent system, competent care, positive user experience)",Health-promoting care,Q27C Cervical cancer screening,Proxy / unattributed,No — not attributable to any provider,High — prevention obligations of contracted providers
"Processes (competent system, competent care, positive user experience)",Health-promoting care,Q27D Vision check,Proxy / unattributed,No — not attributable to any provider,High — prevention obligations of contracted providers
"Processes (competent system, competent care, positive user experience)",Health-promoting care,Q27E Dental examination,Proxy / unattributed,No — not attributable to any provider,High — prevention obligations of contracted providers
"Processes (competent system, competent care, positive user experience)",Health-promoting care,Q27F Blood sugar test,Proxy / unattributed,No — not attributable to any provider,High — prevention obligations of contracted providers
"Processes (competent system, competent care, positive user experience)",Health-promoting care,Q27G Blood lipid test,Proxy / unattributed,No — not attributable to any provider,High — prevention obligations of contracted providers
"Processes (competent system, competent care, positive user experience)",Health-promoting care,Q27H Received mental-health services,Proxy / unattributed,No — not attributable to any provider,High — prevention obligations of contracted providers
"Processes (competent system, competent care, positive user experience)",Safe care,Q28a Perceived medical error (ever),Proxy / unattributed,No — not attributable to any provider,High — adverse-event reporting
"Processes (competent system, competent care, positive user experience)",Respect / voice,Q28b Felt discriminated against (ever),Proxy / unattributed,No — not attributable to any provider,High — anti-discrimination and complaints
"Outcomes (confidence, trust, endorsement, use / preferred source)",Access / non-use,Q29 Unmet health-care need,Proxy / unattributed,No — not attributable to any provider,High — access obligations
"Outcomes (confidence, trust, endorsement, use / preferred source)",Access / non-use,Q30 Main reason for unmet need,Proxy / unattributed,No — not attributable to any provider,High — access obligations
"Outcomes (confidence, trust, endorsement, use / preferred source)",Financial hardship,Q31 Borrowed or sold assets to pay for care (ever),Proxy / unattributed,No — not attributable to any provider,High — price transparency and billing oversight
"Outcomes (confidence, trust, endorsement, use / preferred source)",Use / preferred source,Q32 Sector of most recent facility,Direct,"Yes, but describes the LAST visit, not the usual source",Low / contextual
"Outcomes (confidence, trust, endorsement, use / preferred source)",Use / preferred source,Q33 Setting of most recent facility,Direct,"Yes, but describes the LAST visit, not the usual source",Low / contextual
"Outcomes (confidence, trust, endorsement, use / preferred source)",Use,"Q33a Type of non-hospital clinic, last visit",Direct,"Yes, but describes the LAST visit, not the usual source",Low / contextual
"Outcomes (confidence, trust, endorsement, use / preferred source)",Use,Q34 Main reason for most recent visit,Direct,"Yes, but describes the LAST visit, not the usual source",Low / contextual
"Processes (competent system, competent care, positive user experience)",Timely care,Q35 Most recent visit by appointment,Direct,"Yes, but describes the LAST visit, not the usual source",High — access and waiting-time standards
"Processes (competent system, competent care, positive user experience)",Timely care,Q36 Days between booking and being seen,Direct,"Yes, but describes the LAST visit, not the usual source",High — access and waiting-time standards
"Processes (competent system, competent care, positive user experience)",Timely care,Q37 Waiting time at facility,Direct,"Yes, but describes the LAST visit, not the usual source",High — access and waiting-time standards
"Processes (competent system, competent care, positive user experience)",Global rating,Q38a Overall quality of care received,Direct,"Yes, but describes the LAST visit, not the usual source",Low / contextual
"Processes (competent system, competent care, positive user experience)",Competent care (perceived),Q38b Provider knowledge and skill,Direct,"Yes, but describes the LAST visit, not the usual source",High — perceived clinical quality of a licensed provider
"Processes (competent system, competent care, positive user experience)",Competent system,Q38c Readiness of equipment and supplies,Direct,"Yes, but describes the LAST visit, not the usual source",High — facility readiness and service availability
"Processes (competent system, competent care, positive user experience)",User experience: respect,Q38d Respect shown by provider,Direct,"Yes, but describes the LAST visit, not the usual source",High — patient-rights and complaints oversight
"Processes (competent system, competent care, positive user experience)",Continuity / coordination,Q38e Provider knew previous treatment/results,Direct,"Yes, but describes the LAST visit, not the usual source",Medium — records and continuity obligations
"Processes (competent system, competent care, positive user experience)",User experience: communication,Q38f Explained information understandably,Direct,"Yes, but describes the LAST visit, not the usual source",High — informed-consent and information duties
"Processes (competent system, competent care, positive user experience)",User experience: voice,Q38g Involved respondent in decisions,Direct,"Yes, but describes the LAST visit, not the usual source",High — shared decision-making duties
"Processes (competent system, competent care, positive user experience)",User experience: customer service,Q38h Time the provider spent,Direct,"Yes, but describes the LAST visit, not the usual source",Medium — service-standard monitoring
"Processes (competent system, competent care, positive user experience)",Timely care,Q38i Time waited before seeing provider,Direct,"Yes, but describes the LAST visit, not the usual source",High — access and waiting-time standards
"Processes (competent system, competent care, positive user experience)",User experience: customer service,Q38j Courtesy/helpfulness of OTHER staff,Direct,"Yes, but describes the LAST visit, not the usual source",Medium — service-standard monitoring
"Processes (competent system, competent care, positive user experience)",Timely care,Q38k Time waited to obtain this appointment,Direct,"Yes, but describes the LAST visit, not the usual source",High — access and waiting-time standards
"Outcomes (confidence, trust, endorsement, use / preferred source)",Endorsement of provider,Q39 Likelihood to recommend (0-10),Direct,"Yes, but describes the LAST visit, not the usual source",Medium — patient-reported outcome for monitoring
"Processes (competent system, competent care, positive user experience)",Competent system,Q40a Quality of public maternal care,Direct,"Yes, but the item is about the system, not the respondent's provider",High — facility readiness and service availability
"Processes (competent system, competent care, positive user experience)",Competent system,Q40b Quality of public child care,Direct,"Yes, but the item is about the system, not the respondent's provider",High — facility readiness and service availability
"Processes (competent system, competent care, positive user experience)",Competent system,Q40c Quality of public chronic-disease care,Direct,"Yes, but the item is about the system, not the respondent's provider",High — facility readiness and service availability
"Processes (competent system, competent care, positive user experience)",Competent system,Q40d Quality of public mental-health care,Direct,"Yes, but the item is about the system, not the respondent's provider",High — facility readiness and service availability
"Outcomes (confidence, trust, endorsement, use / preferred source)",Confidence / security,Q41a Confident of good care if seriously ill,Direct,"Yes, but the item is about the system, not the respondent's provider",Low / contextual
"Outcomes (confidence, trust, endorsement, use / preferred source)",Confidence / security,Q41b Confident of affording care if seriously ill,Direct,"Yes, but the item is about the system, not the respondent's provider",Low / contextual
"Outcomes (confidence, trust, endorsement, use / preferred source)",Voice / responsiveness,Q41c Government listens to public opinion on health,Direct,"Yes, but the item is about the system, not the respondent's provider",Low / contextual
"Processes (competent system, competent care, positive user experience)",System quality,Q42 Overall quality of the public health system,Direct,"Yes, but the item is about the system, not the respondent's provider","Low — refers to the system, not a regulated entity"
"Processes (competent system, competent care, positive user experience)",System quality,Q43 Overall quality of the for-profit private system,Direct,"Yes, but the item is about the system, not the respondent's provider","Low — refers to the system, not a regulated entity"
"Processes (competent system, competent care, positive user experience)",System quality,Q44 Overall quality of the non-profit system,Direct,"Yes, but the item is about the system, not the respondent's provider","Low — refers to the system, not a regulated entity"
"Outcomes (confidence, trust, endorsement, use / preferred source)",Endorsement: direction,Q45 System direction over past 2 years,Direct,"Yes, but the item is about the system, not the respondent's provider",Low / contextual
"Outcomes (confidence, trust, endorsement, use / preferred source)",Endorsement: current,Q46 Endorsement of current system,Direct,"Yes, but the item is about the system, not the respondent's provider",Low / contextual
"Outcomes (confidence, trust, endorsement, use / preferred source)",Government competence,Q47 Government COVID-19 management,Direct,"Yes, but the item is about the system, not the respondent's provider",Low / contextual
"Foundations (expectations, health status, individual characteristics)",Socioeconomic,Q51 Monthly household income,Proxy / unattributed,No — not attributable to any provider,Low / contextual
