Item ID,Item (English gloss),Data column(s),Construct,Framework component,Recall period,Respondent universe,"Observed n (of 2,017)",Missing n,Provider/encounter attribution,Disposition,Reason / note
consent,Consent to participate,consent,Administrative,Design / administrative,n/a,all respondents,2017,0,n/a,Analysed,"Screening; all 2,017 consented"
Q1a-c,Province / district / subdistrict,"prov, dist, subdist",Geography,Design / administrative,n/a,all respondents,2017,0,n/a,Analysed,Sampling audit; PSU identifiers
Q2,Type of area of residence (4 options),area,Urbanicity,"Foundations (expectations, health status, individual characteristics)",n/a,all respondents,2017,0,n/a,Analysed,Collapsed to municipal/non-municipal to match the sampling plan
Q3,Age in years,age,Age,"Foundations (expectations, health status, individual characteristics)",n/a,all respondents,1709,308,n/a,Analysed,"Missing for 308/2,017; exact-age summaries carry their own denominator"
Q4,Age band (7 bands),age_range,Age,"Foundations (expectations, health status, individual characteristics)",n/a,all respondents,2017,0,n/a,Analysed,"Complete for all 2,017; primary age variable in this revision"
Q5,Sex,gender,Sex,"Foundations (expectations, health status, individual characteristics)",n/a,all respondents,2017,0,n/a,Analysed,"4 categories incl. ""other"" (47) and refusal (15); refusal set to missing"
Q6,Main public health-coverage scheme,insr,Coverage (ownership),"Foundations (expectations, health status, individual characteristics)",n/a,all respondents,2017,0,n/a,Analysed,"""999 don't know"" (20) set to missing"
Q7.1,Privately purchased health insurance,insr_private,Coverage (ownership),"Foundations (expectations, health status, individual characteristics)",n/a,all respondents,304,1713,n/a,Analysed,Ownership only — NOT evidence of payment at any encounter
Q7.2,Employer-purchased health insurance,insr_employer,Coverage (ownership),"Foundations (expectations, health status, individual characteristics)",n/a,all respondents,128,1889,n/a,Analysed,Ownership only
Q7.3,No supplementary coverage,insr_none2,Coverage (ownership),"Foundations (expectations, health status, individual characteristics)",n/a,all respondents,302,1715,n/a,Reported,Complement of Q7.1/7.2
Q7.4,No supplementary coverage but pays out of pocket sometimes,insr_oop,Financing (self-report),"Foundations (expectations, health status, individual characteristics)",n/a,all respondents,498,1519,n/a,Reported,"Closest item to payment; refers to general practice, not a specific encounter"
Q8,Highest education (6 levels),edu,Socioeconomic,"Foundations (expectations, health status, individual characteristics)",n/a,all respondents,2017,0,n/a,Analysed,6 levels retained; collapsed explicitly where needed
Q9,Self-rated physical health,health_level,Health status,"Foundations (expectations, health status, individual characteristics)",n/a,all respondents,2017,0,n/a,Analysed,Coding error corrected — see correction log C-02
Q10,Self-rated mental health,mental_level,Health status,"Foundations (expectations, health status, individual characteristics)",n/a,all respondents,2017,0,n/a,Analysed,
Q11,Chronic condition >= 6 months,illness_6mo,Health status / need,"Foundations (expectations, health status, individual characteristics)",n/a,all respondents,2017,0,n/a,Analysed,Non-specific; NOT a disease-specific diagnosis
Q12a,Confidence managing own health,confidence_selfcare,Patient activation,"Foundations (expectations, health status, individual characteristics)",n/a,all respondents,2017,0,n/a,Analysed,Component of the activation indicator; NOT health literacy
Q12b,Confidence voicing concerns unprompted,confidence_selfreport,Patient activation,"Foundations (expectations, health status, individual characteristics)",n/a,all respondents,2017,0,n/a,Analysed,Component of the activation indicator
Q13,Has a usual source of care (12 months),mhos,Use / preferred source,"Outcomes (confidence, trust, endorsement, use / preferred source)",past 12 months,all respondents,2017,0,Usual source,Analysed,Cohort-defining
Q14,Sector of usual source,mhos_type,Use / preferred source,"Outcomes (confidence, trust, endorsement, use / preferred source)",past 12 months,Q13 = yes,1529,488,Usual source,Analysed,Cohort-defining
Q15,Setting of usual source,fhos_type,Use / preferred source,"Outcomes (confidence, trust, endorsement, use / preferred source)",past 12 months,Q13 = yes,1529,488,Usual source,Analysed,Cohort-defining
Q15a,Type of non-hospital clinic,fhos_type_clinic,Use / preferred source,"Outcomes (confidence, trust, endorsement, use / preferred source)",n/a,all respondents,174,1843,Usual source,Reported,Free text; used for private clinic vs pharmacy heterogeneity
Q16,Main reason for choosing usual source,fhos_reason,Expectations / choice,"Foundations (expectations, health status, individual characteristics)",n/a (choice of usual source),Q13 = yes,1529,488,Usual source,Analysed,Stated reason only — not a payment or registration record
Q17,"Quality of usual source, past 12 months",fhos_qual,Competent care (perceived),"Processes (competent system, competent care, positive user experience)",past 12 months,Q13 = yes,1529,488,Usual source,Analysed,
Q18,Number of outpatient visits,provider_n,Utilisation,"Outcomes (confidence, trust, endorsement, use / preferred source)",past 12 months (stated in Q19; Q18 header omits it),"all; EXCLUDES inpatient nights, telemedicine, self-care, pharmacy purchases",2017,0,Not attributed,Analysed,"Excludes inpatient nights, telemedicine, self-care AND pharmacy purchases"
Q19,Visit-count band if Q18 unanswerable,provider_n_gr,Utilisation,"Outcomes (confidence, trust, endorsement, use / preferred source)",n/a,all respondents,1464,553,Not attributed,Reported,Fallback item; small n
Q20,All visits at the same facility,provider_n_facility,Continuity,"Processes (competent system, competent care, positive user experience)",past 12 months,fielded to everyone with Q18 >= 1 (Q18 is complete in the cohort); the analysis restricts to Q18 > 1,1622,395,Not attributed,Analysed,Structural skip: asked only when Q18>1 or Q19 in 2-4
Q21,Number of different facilities used,provider_n_facility_n,Continuity,"Processes (competent system, competent care, positive user experience)",n/a,all respondents,519,1498,Not attributed,Unusable,"Answered by 519/2,017; conditional on Q20 = no"
Q22,Number of home visits,homevisit_n,Utilisation,"Outcomes (confidence, trust, endorsement, use / preferred source)",past 12 months,all respondents,2017,0,Not attributed,Analysed,
Q23,Number of telemedicine contacts,telemed_n,Utilisation,"Outcomes (confidence, trust, endorsement, use / preferred source)",past 12 months,all respondents,2017,0,Not attributed,Analysed,
Q24,Reason for most recent telemedicine contact,telemed_reason,Utilisation,"Outcomes (confidence, trust, endorsement, use / preferred source)",n/a,all respondents,2017,0,Telemedicine,Reported,n=146 with any telemedicine
Q25,Quality of telemedicine,telemed_qual,Competent care (perceived),"Processes (competent system, competent care, positive user experience)",n/a,all respondents,2017,0,Telemedicine,Reported,n too small for provider-group models
Q26,"Admitted overnight, past 12 months",admit,Utilisation,"Outcomes (confidence, trust, endorsement, use / preferred source)",past 12 months,all respondents,2017,0,NOT attributed to any facility,Analysed,Facility of admission was NOT collected
Q27A,Blood pressure measured,bp,Health-promoting care,"Processes (competent system, competent care, positive user experience)","NONE STATED (""ที่ผ่านมา"" = ""in the past"")",all respondents,2017,0,Not attributed,Analysed,"No recall period (""ที่ผ่านมา"")"
Q27B,Breast examination / mammogram,mammogram,Health-promoting care,"Processes (competent system, competent care, positive user experience)",NONE STATED,asked of all; item wording unverified,2017,0,Not attributed,Analysed,"Sex-restricted denominator applied; 52 men answered ""received"""
Q27C,Cervical cancer screening,ca_cervix,Health-promoting care,"Processes (competent system, competent care, positive user experience)",NONE STATED,asked of all; item wording unverified,2017,0,Not attributed,Analysed,"Sex-restricted denominator applied; 47 men answered ""received"""
Q27D,Vision check,vision,Health-promoting care,"Processes (competent system, competent care, positive user experience)",NONE STATED,all respondents,2017,0,Not attributed,Analysed,
Q27E,Dental examination,dental,Health-promoting care,"Processes (competent system, competent care, positive user experience)",NONE STATED,all respondents,2017,0,Not attributed,Analysed,
Q27F,Blood sugar test,sugar,Health-promoting care,"Processes (competent system, competent care, positive user experience)",NONE STATED,all respondents,2017,0,Not attributed,Analysed,
Q27G,Blood lipid test,lipid,Health-promoting care,"Processes (competent system, competent care, positive user experience)",NONE STATED,all respondents,2017,0,Not attributed,Analysed,
Q27H,Received mental-health services,mental,Health-promoting care,"Processes (competent system, competent care, positive user experience)",NONE STATED,all respondents,2017,0,Not attributed,Analysed,"Service receipt, NOT screening — label corrected"
Q28a,Perceived medical error (ever),exp_medicalerr,Safe care,"Processes (competent system, competent care, positive user experience)","NONE STATED (""เคย"" = ever)",all; NO facility attribution,2017,0,NOT attributed,Analysed,Patient report; no recall window; no facility attribution
Q28b,Felt discriminated against (ever),exp_injustice,Respect / voice,"Processes (competent system, competent care, positive user experience)","NONE STATED (""เคย"" = ever)",all; NO facility attribution,2017,0,NOT attributed,Analysed,Patient report; no recall window; no facility attribution
Q29,Unmet health-care need,unmet_need,Access / non-use,"Outcomes (confidence, trust, endorsement, use / preferred source)",NONE STATED,all respondents,2017,0,Not attributed,Analysed,Recall window removed from the fielded version
Q30,Main reason for unmet need,unmet_reason,Access / non-use,"Outcomes (confidence, trust, endorsement, use / preferred source)",NONE STATED,Q29 = yes,2017,0,Not attributed,Analysed,Conditional on Q29 = yes
Q31,Borrowed or sold assets to pay for care (ever),unmet_financial,Financial hardship,"Outcomes (confidence, trust, endorsement, use / preferred source)","NONE STATED (""เคย"" = ever)",all respondents,2017,0,NOT attributed,Analysed,Closest available financial-protection item
Q32,Sector of most recent facility,lastest,Use / preferred source,"Outcomes (confidence, trust, endorsement, use / preferred source)","NONE STATED (most recent visit, unbounded)",all respondents,2017,0,Last visit,Analysed,Different encounter from Q14; no recall window
Q33,Setting of most recent facility,lastest_type,Use / preferred source,"Outcomes (confidence, trust, endorsement, use / preferred source)",NONE STATED,all respondents,2017,0,Last visit,Analysed,
Q33a,"Type of non-hospital clinic, last visit",lastest_type_clinic,Use,"Outcomes (confidence, trust, endorsement, use / preferred source)",most recent visit,all respondents,382,1635,Last visit,Reported,Free text
Q34,Main reason for most recent visit,lastest_reason,Use,"Outcomes (confidence, trust, endorsement, use / preferred source)",most recent visit,all respondents,2017,0,Last visit,Analysed,
Q35,Most recent visit by appointment,lastest_appoint,Timely care,"Processes (competent system, competent care, positive user experience)",most recent visit,all respondents,2017,0,Last visit,Analysed,
Q36,Days between booking and being seen,lastest_waiting,Timely care,"Processes (competent system, competent care, positive user experience)",most recent visit,Q35 = made an appointment — structural skip,738,1279,Last visit,Analysed,Structural skip: appointment-holders only (n=738)
Q37,Waiting time at facility,lastest_queue,Timely care,"Processes (competent system, competent care, positive user experience)",most recent visit,all respondents,2017,0,Last visit,Analysed,Ordered categories; midpoints are approximations only
Q38a,Overall quality of care received,lastest_qual,Global rating,"Processes (competent system, competent care, positive user experience)",most recent visit,all respondents,2017,0,Last visit,Analysed,Not an independent measure of clinical competence
Q38b,Provider knowledge and skill,lastest_knowledge,Competent care (perceived),"Processes (competent system, competent care, positive user experience)",most recent visit,all respondents,2017,0,Last visit,Analysed,
Q38c,Readiness of equipment and supplies,lastest_readiness,Competent system,"Processes (competent system, competent care, positive user experience)",most recent visit,all respondents,2017,0,Last visit,Analysed,
Q38d,Respect shown by provider,lastest_respect,User experience: respect,"Processes (competent system, competent care, positive user experience)",most recent visit,all respondents,2017,0,Last visit,Analysed,
Q38e,Provider knew previous treatment/results,lastest_data_pre,Continuity / coordination,"Processes (competent system, competent care, positive user experience)",most recent visit,all respondents,2017,0,Last visit,Analysed,"Has explicit ""no prior visit/don't know"" code (n=355)"
Q38f,Explained information understandably,lastest_inform,User experience: communication,"Processes (competent system, competent care, positive user experience)",most recent visit,all respondents,2017,0,Last visit,Analysed,
Q38g,Involved respondent in decisions,lastest_engage,User experience: voice,"Processes (competent system, competent care, positive user experience)",most recent visit,all respondents,2017,0,Last visit,Analysed,
Q38h,Time the provider spent,lastest_duration,User experience: customer service,"Processes (competent system, competent care, positive user experience)",most recent visit,all respondents,2017,0,Last visit,Analysed,
Q38i,Time waited before seeing provider,lastest_sat-queue,Timely care,"Processes (competent system, competent care, positive user experience)",most recent visit,all respondents,2017,0,Last visit,Analysed,
Q38j,Courtesy/helpfulness of OTHER staff,lastest_polite,User experience: customer service,"Processes (competent system, competent care, positive user experience)",most recent visit,all respondents,2017,0,Last visit,Analysed,"Has explicit ""no other staff"" code (n=229)"
Q38k,Time waited to obtain this appointment,lastest_queue-appoint,Timely care,"Processes (competent system, competent care, positive user experience)",most recent visit,all respondents,2017,0,Last visit,Analysed,
Q39,Likelihood to recommend (0-10),lastest_suggest,Endorsement of provider,"Outcomes (confidence, trust, endorsement, use / preferred source)",most recent visit,all respondents,2017,0,Last visit,Analysed,
Q40a,Quality of public maternal care,eval_maternal,Competent system,"Processes (competent system, competent care, positive user experience)",n/a,all respondents,2017,0,Public primary care (system),Analysed,"Has ""cannot evaluate"" code"
Q40b,Quality of public child care,eval_ped,Competent system,"Processes (competent system, competent care, positive user experience)",n/a,all respondents,2017,0,Public primary care (system),Analysed,"Has ""cannot evaluate"" code"
Q40c,Quality of public chronic-disease care,eval_chronic,Competent system,"Processes (competent system, competent care, positive user experience)",n/a,all respondents,2017,0,Public primary care (system),Analysed,"Has ""cannot evaluate"" code"
Q40d,Quality of public mental-health care,eval_mental,Competent system,"Processes (competent system, competent care, positive user experience)",n/a,all respondents,2017,0,Public primary care (system),Analysed,"Has ""cannot evaluate"" code"
Q41a,Confident of good care if seriously ill,eval_qual,Confidence / security,"Outcomes (confidence, trust, endorsement, use / preferred source)",n/a,all respondents,2017,0,System,Analysed,"Conditional framing: ""if you were seriously ill"""
Q41b,Confident of affording care if seriously ill,eval_afford,Confidence / security,"Outcomes (confidence, trust, endorsement, use / preferred source)",n/a,all respondents,2017,0,System,Analysed,Conditional framing
Q41c,Government listens to public opinion on health,eval_comment,Voice / responsiveness,"Outcomes (confidence, trust, endorsement, use / preferred source)",n/a,all respondents,2017,0,System,Analysed,Direct measure of government responsiveness
Q42,Overall quality of the public health system,eval_public,System quality,"Processes (competent system, competent care, positive user experience)",n/a,all respondents,2017,0,System,Analysed,
Q43,Overall quality of the for-profit private system,eval_private,System quality,"Processes (competent system, competent care, positive user experience)",n/a,all respondents,2017,0,System,Analysed,
Q44,Overall quality of the non-profit system,eval_nonprofit,System quality,"Processes (competent system, competent care, positive user experience)",n/a,all respondents,2017,0,System,Reported,Not used in provider-group models
Q45,System direction over past 2 years,eval_2yr,Endorsement: direction,"Outcomes (confidence, trust, endorsement, use / preferred source)",n/a,all respondents,2017,0,System,Analysed,
Q46,Endorsement of current system,eval_current,Endorsement: current,"Outcomes (confidence, trust, endorsement, use / preferred source)",n/a,all respondents,2017,0,System,Analysed,
Q47,Government COVID-19 management,eval_covid,Government competence,"Outcomes (confidence, trust, endorsement, use / preferred source)",n/a,all respondents,2017,0,System,Analysed,
Q48,Vignette 1: low-quality consultation,expect_1,Population expectations,"Foundations (expectations, health status, individual characteristics)",n/a,all respondents,2017,0,Vignette,Unreported,Vignette pair fielded but not analysed in either report
Q49,Vignette 2: thorough consultation,exPect_2,Population expectations,"Foundations (expectations, health status, individual characteristics)",n/a,all respondents,2017,0,Vignette,Unreported,Vignette pair fielded but not analysed in either report
Q50,Mother tongue,language,Individual characteristics,"Foundations (expectations, health status, individual characteristics)",n/a,all respondents,2017,0,n/a,Unreported,Available; not used
Q51,Monthly household income,income,Socioeconomic,"Foundations (expectations, health status, individual characteristics)",n/a,all respondents,2017,0,n/a,Analysed,
Q52a,Voted for constituency MP,mop_cons,Political context,"Foundations (expectations, health status, individual characteristics)",n/a,all respondents,2017,0,n/a,Unreported,Out of scope for this revision
Q52b,Voted for party-list MP,mop_partylist,Political context,"Foundations (expectations, health status, individual characteristics)",n/a,all respondents,2017,0,n/a,Unreported,Out of scope for this revision
