Q14 (sector),Q15 (setting),n,Classified as,Exclusion reason
1. สถานพยาบาลของรัฐ,1. สถานีอนามัย/รพ.สต. (โรงพยาบาลส่งเสริมสุขภาพตำบล),495,public primary care,
1. สถานพยาบาลของรัฐ,2. คลินิกหมอครอบครัว,17,public primary care,
1. สถานพยาบาลของรัฐ,3. คลินิกนอกโรงพยาบาล (ตอบข้อ 15a),83,public primary care,
1. สถานพยาบาลของรัฐ,4. ร้านยา,39,public primary care,
1. สถานพยาบาลของรัฐ,5. ห้องฉุกเฉินของ รพ.,37,public hospital OPD/ER,
1. สถานพยาบาลของรัฐ,6. แผนกผู้ป่วยนอกของ รพ.,578,public hospital OPD/ER,
1. สถานพยาบาลของรัฐ,7. อื่นๆ (โปรดระบุ),3,EXCLUDED,"setting ""other"""
2. สถานพยาบาลของเอกชน,1. สถานีอนามัย/รพ.สต. (โรงพยาบาลส่งเสริมสุขภาพตำบล),7,private clinic/pharmacy,
2. สถานพยาบาลของเอกชน,2. คลินิกหมอครอบครัว,5,private clinic/pharmacy,
2. สถานพยาบาลของเอกชน,3. คลินิกนอกโรงพยาบาล (ตอบข้อ 15a),70,private clinic/pharmacy,
2. สถานพยาบาลของเอกชน,4. ร้านยา,60,private clinic/pharmacy,
2. สถานพยาบาลของเอกชน,5. ห้องฉุกเฉินของ รพ.,9,private hospital OPD/ER,
2. สถานพยาบาลของเอกชน,6. แผนกผู้ป่วยนอกของ รพ.,118,private hospital OPD/ER,
3. สถานพยาบาลของเอกชนที่ไม่แสวงหากำไร (เช่น สภากาชาดไทย มูลนิธิการกุศล องค์กรศาสนา),1. สถานีอนามัย/รพ.สต. (โรงพยาบาลส่งเสริมสุขภาพตำบล),2,EXCLUDED,non-profit provider
3. สถานพยาบาลของเอกชนที่ไม่แสวงหากำไร (เช่น สภากาชาดไทย มูลนิธิการกุศล องค์กรศาสนา),3. คลินิกนอกโรงพยาบาล (ตอบข้อ 15a),2,EXCLUDED,non-profit provider
3. สถานพยาบาลของเอกชนที่ไม่แสวงหากำไร (เช่น สภากาชาดไทย มูลนิธิการกุศล องค์กรศาสนา),4. ร้านยา,1,EXCLUDED,non-profit provider
3. สถานพยาบาลของเอกชนที่ไม่แสวงหากำไร (เช่น สภากาชาดไทย มูลนิธิการกุศล องค์กรศาสนา),6. แผนกผู้ป่วยนอกของ รพ.,1,EXCLUDED,non-profit provider
4. อื่นๆ (โปรดระบุ),1. สถานีอนามัย/รพ.สต. (โรงพยาบาลส่งเสริมสุขภาพตำบล),2,EXCLUDED,"sector ""other"""
