Health region,Population,Planned municipal,Planned non-municipal,Planned total,Achieved municipal,Achieved non-municipal,Achieved total,Deviation (total),Planned % of sample,Achieved % of sample,Deviation (pp),Population % of Thailand,Province sampled
1,5832653,56,121,177,56,121,177,0,8.8,8.8,0.0,8.8,เชียงราย
2,3508102,23,83,106,29,83,112,6,5.3,5.6,0.3,5.3,พิษณุโลก
3,2866775,20,67,87,20,68,88,1,4.4,4.4,0.0,4.3,นครสวรรค์
4,5469989,74,92,166,74,92,166,0,8.3,8.2,-0.1,8.3,พระนครศรีอยุธยา
5,5321922,50,111,161,50,111,161,0,8.0,8.0,0.0,8.1,กาญจนบุรี
6,6357407,82,111,193,83,115,198,5,9.6,9.8,0.2,9.6,สมุทรปราการ
7,4940296,37,113,150,37,113,150,0,7.5,7.4,-0.1,7.5,ขอนแก่น
8,5467652,37,129,166,38,130,168,2,8.3,8.3,0.0,8.3,อุดรธานี
9,6653129,37,165,202,40,165,205,3,10.1,10.2,0.1,10.1,นครราชสีมา
10,4557973,23,115,138,23,115,138,0,6.9,6.8,-0.1,6.9,อุบลราชธานี
11,4492033,38,99,137,38,99,137,0,6.8,6.8,0.0,6.8,สุราษฎร์ธานี
12,5028259,44,108,152,44,108,152,0,7.6,7.5,-0.1,7.6,สงขลา
13,5455020,165,0,165,165,0,165,0,8.2,8.2,0.0,8.3,กรุงเทพมหานคร
