Measure,public primary care,public hospital OPD/ER,private clinic/pharmacy,private hospital OPD/ER,p,Denominator
Main reason for choosing usual source (Q16),,,,,<0.001,see rows below
    close to home,358/634 (56.5),159/615 (25.9),40/142 (28.2),24/127 (18.9),,
    covered by my insurance scheme,62/634 (9.8),205/615 (33.3),9/142 (6.3),43/127 (33.9),,
    low cost,94/634 (14.8),135/615 (22.0),4/142 (2.8),2/127 (1.6),,
    medicines & equipment,30/634 (4.7),83/615 (13.5),8/142 (5.6),13/127 (10.2),,
    only facility in area,11/634 (1.7),10/615 (1.6),2/142 (1.4),1/127 (0.8),,
    other,0/634 (0.0),0/615 (0.0),0/142 (0.0),1/127 (0.8),,
    provider skill,18/634 (2.8),13/615 (2.1),10/142 (7.0),10/127 (7.9),,
    short waiting time,56/634 (8.8),9/615 (1.5),68/142 (47.9),32/127 (25.2),,
    staff respect,5/634 (0.8),1/615 (0.2),1/142 (0.7),1/127 (0.8),,
Most recent visit by appointment (Q35),265/634 (41.8; 38.0-45.7),305/615 (49.6; 45.7-53.5),32/142 (22.5; 16.4-30.1),44/127 (34.6; 26.9-43.3),<0.001,all in group
Waiting time at facility (Q37),,,,,<0.001,see rows below
    <15 min,34/634 (5.4),29/615 (4.7),43/142 (30.3),14/127 (11.0),,
    15-29 min,146/634 (23.0),137/615 (22.3),42/142 (29.6),57/127 (44.9),,
    30-59 min,199/634 (31.4),178/615 (28.9),47/142 (33.1),24/127 (18.9),,
    1-2 h,135/634 (21.3),152/615 (24.7),7/142 (4.9),21/127 (16.5),,
    2-3 h,75/634 (11.8),60/615 (9.8),2/142 (1.4),9/127 (7.1),,
    3-4 h,26/634 (4.1),44/615 (7.2),1/142 (0.7),2/127 (1.6),,
    4 h+,19/634 (3.0),15/615 (2.4),0/142 (0.0),0/127 (0.0),,
Waited 1 hour or more (Q37),255/634 (40.2; 36.5-44.1),271/615 (44.1; 40.2-48.0),10/142 (7.0; 3.9-12.5),32/127 (25.2; 18.5-33.4),<0.001,all in group
"Booking-to-appointment wait (Q36, appointment-holders only)",,,,,<0.001,see rows below
    same/next day,8/265 (3.0),10/305 (3.3),4/32 (12.5),5/44 (11.4),,
    2d-<1wk,14/265 (5.3),21/305 (6.9),12/32 (37.5),2/44 (4.5),,
    1-<2wk,23/265 (8.7),25/305 (8.2),3/32 (9.4),4/44 (9.1),,
    2wk-<1mo,21/265 (7.9),27/305 (8.9),4/32 (12.5),4/44 (9.1),,
    1-<2mo,32/265 (12.1),46/305 (15.1),4/32 (12.5),14/44 (31.8),,
    2-<3mo,60/265 (22.6),73/305 (23.9),2/32 (6.2),2/44 (4.5),,
    3-<6mo,92/265 (34.7),79/305 (25.9),1/32 (3.1),11/44 (25.0),,
    6mo+,15/265 (5.7),24/305 (7.9),2/32 (6.2),2/44 (4.5),,
Waited 1 month or more for the appointment (Q36),199/265 (75.1; 69.6-79.9),222/305 (72.8; 67.5-77.5),9/32 (28.1; 15.6-45.4),29/44 (65.9; 51.1-78.1),<0.001,all in group
