Outcome,Group,Reference,aOR,lo,hi,p,Pred. prob. (%),Pred. prob. ref (%),Diff (pp),n,events,group n,Family,Omnibus p (group),Specification,p (BH within family)
Rates usual facility very good/excellent,public primary care,public hospital OPD/ER,1.4885127101512767,1.046581143490241,2.117055234621241,0.02687745025865555,43.4052236496756,34.384148826735654,9.021074822939939,1505,262,625,Care experience and utilisation,0.007102277358092708,"Full (age, education, income, municipality, scheme, self-rated health, chronic illness, sex)",0.08063235077596664
Rates usual facility very good/excellent,private clinic/pharmacy,public hospital OPD/ER,1.5122225864724546,1.0124281516990163,2.258745123987115,0.043352264056378695,43.776814134881846,34.384148826735654,9.392665308146192,1505,66,141,Care experience and utilisation,0.007102277358092708,"Full (age, education, income, municipality, scheme, self-rated health, chronic illness, sex)",0.10404543373530886
Rates usual facility very good/excellent,private hospital OPD/ER,public hospital OPD/ER,2.217468027846682,1.367818163853115,3.594896298694194,0.0012354217568497645,52.88897515834924,34.384148826735654,18.504826331613582,1505,74,126,Care experience and utilisation,0.007102277358092708,"Full (age, education, income, municipality, scheme, self-rated health, chronic illness, sex)",0.007412530541098587
Would recommend provider (0-10 score 9-10),public primary care,public hospital OPD/ER,1.1622529055153006,0.8109880757088145,1.6656617487231402,0.4128282878484345,22.490203192357292,20.017818888539313,2.4723843038179787,1505,133,625,Care experience and utilisation,0.00017281159884273227,"Full (age, education, income, municipality, scheme, self-rated health, chronic illness, sex)",0.550437717131246
Would recommend provider (0-10 score 9-10),private clinic/pharmacy,public hospital OPD/ER,2.534502005141629,1.6529060288494504,3.8863070870025975,2.006687624065934e-05,38.381780300530174,20.017818888539313,18.363961411990864,1505,57,141,Care experience and utilisation,0.00017281159884273227,"Full (age, education, income, municipality, scheme, self-rated health, chronic illness, sex)",0.00016053500992527472
Would recommend provider (0-10 score 9-10),private hospital OPD/ER,public hospital OPD/ER,1.8388007452483544,1.0522571665955551,3.2132717058751994,0.03244987055110008,31.274340650001065,20.017818888539313,11.256521761461752,1505,43,126,Care experience and utilisation,0.00017281159884273227,"Full (age, education, income, municipality, scheme, self-rated health, chronic illness, sex)",0.08653298813626689
Waited 1 hour or more at the facility,public primary care,public hospital OPD/ER,0.8310671496694484,0.6003198699365448,1.1505076574138833,0.2648116483584658,39.27129495612172,43.59677458055338,-4.325479624431655,1505,254,625,Care experience and utilisation,4.784927608476636e-08,"Full (age, education, income, municipality, scheme, self-rated health, chronic illness, sex)",0.39721747253769873
Waited 1 hour or more at the facility,private clinic/pharmacy,public hospital OPD/ER,0.11829322352617035,0.05696193511246824,0.2456603116552048,1.0344783604477348e-08,8.814847952396242,43.59677458055338,-34.78192662815714,1505,10,141,Care experience and utilisation,4.784927608476636e-08,"Full (age, education, income, municipality, scheme, self-rated health, chronic illness, sex)",2.482748065074564e-07
Waited 1 hour or more at the facility,private hospital OPD/ER,public hospital OPD/ER,0.5158514553959658,0.31622799024505893,0.8414901028461189,0.008020995817527235,28.973586808312795,43.59677458055338,-14.62318777224058,1505,32,126,Care experience and utilisation,4.784927608476636e-08,"Full (age, education, income, municipality, scheme, self-rated health, chronic illness, sex)",0.03208398327010894
"Admitted overnight, past 12 months",public primary care,public hospital OPD/ER,0.8697006114884069,0.5940040438545315,1.273356909685521,0.4729570955820095,17.34938323008629,19.161699519960674,-1.8123162898743828,1505,105,625,Care experience and utilisation,0.014586420935742025,"Full (age, education, income, municipality, scheme, self-rated health, chronic illness, sex)",0.5974194891562226
"Admitted overnight, past 12 months",private clinic/pharmacy,public hospital OPD/ER,1.0515083978964164,0.5381596554157492,2.0545388338197057,0.8831600775623748,19.8438686705819,19.161699519960674,0.6821691506212285,1505,18,141,Care experience and utilisation,0.014586420935742025,"Full (age, education, income, municipality, scheme, self-rated health, chronic illness, sex)",0.968675764839072
"Admitted overnight, past 12 months",private hospital OPD/ER,public hospital OPD/ER,2.416754753975449,1.3538735389258338,4.314068761176142,0.002838236320879498,33.333255800450054,19.161699519960674,14.171556280489378,1505,37,126,Care experience and utilisation,0.014586420935742025,"Full (age, education, income, municipality, scheme, self-rated health, chronic illness, sex)",0.01362353434022159
Unmet health-care need,public primary care,public hospital OPD/ER,0.6820213937822274,0.4105381807810869,1.1330326955014391,0.13948908401111132,13.655583169763997,18.554657275736098,-4.899074105972101,1505,86,625,Care experience and utilisation,0.00559197613854873,"Full (age, education, income, municipality, scheme, self-rated health, chronic illness, sex)",0.23912414401904797
Unmet health-care need,private clinic/pharmacy,public hospital OPD/ER,2.170515442343846,1.1037367754199126,4.268352192632855,0.024702515686616838,32.08156545671568,18.554657275736098,13.526908180979586,1505,41,141,Care experience and utilisation,0.00559197613854873,"Full (age, education, income, municipality, scheme, self-rated health, chronic illness, sex)",0.08063235077596664
Unmet health-care need,private hospital OPD/ER,public hospital OPD/ER,1.1647626951153927,0.605372886847968,2.241052028273583,0.6478303725755121,20.838083809478142,18.554657275736098,2.2834265337420447,1505,21,126,Care experience and utilisation,0.00559197613854873,"Full (age, education, income, municipality, scheme, self-rated health, chronic illness, sex)",0.7773964470906145
Perceived a medical error (ever),public primary care,public hospital OPD/ER,1.6648957057128215,0.9681520403139381,2.86306034122716,0.06533626424521052,6.268704893142603,3.9049603273659286,2.3637445657766745,1505,39,625,Care experience and utilisation,0.26713105496789136,"Full (age, education, income, municipality, scheme, self-rated health, chronic illness, sex)",0.13067252849042105
Perceived a medical error (ever),private clinic/pharmacy,public hospital OPD/ER,1.6905677473929288,0.6412270670359186,4.457109587928715,0.2884388500704025,6.356679827690572,3.9049603273659286,2.451719500324643,1505,7,141,Care experience and utilisation,0.26713105496789136,"Full (age, education, income, municipality, scheme, self-rated health, chronic illness, sex)",0.40720778833468585
Perceived a medical error (ever),private hospital OPD/ER,public hospital OPD/ER,0.9529680129154958,0.34095024477804314,2.6635793566633406,0.9268082153301638,3.7312155798799442,3.9049603273659286,-0.1737447474859842,1505,5,126,Care experience and utilisation,0.26713105496789136,"Full (age, education, income, municipality, scheme, self-rated health, chronic illness, sex)",0.968675764839072
Felt discriminated against (ever),public primary care,public hospital OPD/ER,0.9943293211856159,0.6796374680816588,1.4547326264399771,0.9766315165258338,10.19456274592139,10.245313898886428,-0.05075115296503813,1505,64,625,Care experience and utilisation,0.2839622121876311,"Full (age, education, income, municipality, scheme, self-rated health, chronic illness, sex)",0.9766315165258338
Felt discriminated against (ever),private clinic/pharmacy,public hospital OPD/ER,1.0341875240195926,0.4972154425930737,2.1510672099400203,0.928314274637444,10.549788369490562,10.245313898886428,0.30447447060413385,1505,12,141,Care experience and utilisation,0.2839622121876311,"Full (age, education, income, municipality, scheme, self-rated health, chronic illness, sex)",0.968675764839072
Felt discriminated against (ever),private hospital OPD/ER,public hospital OPD/ER,0.4183613466367236,0.17348856599571383,1.008863122218769,0.05234130298119183,4.634612084621499,10.245313898886428,-5.61070181426493,1505,5,126,Care experience and utilisation,0.2839622121876311,"Full (age, education, income, municipality, scheme, self-rated health, chronic illness, sex)",0.11419920650441853
All visits at one facility (>1 visit only),public primary care,public hospital OPD/ER,0.7439463101863963,0.5064877570135002,1.092733446714294,0.13158655558738563,64.86743935631769,71.1344463562099,-6.267006999892222,1230,328,512,Care experience and utilisation,1.850754965438703e-05,"Full (age, education, income, municipality, scheme, self-rated health, chronic illness, sex)",0.23912414401904797
All visits at one facility (>1 visit only),private clinic/pharmacy,public hospital OPD/ER,0.33174924935400957,0.20282674151524469,0.5426186094828959,1.1065149693497017e-05,45.655388963586866,71.1344463562099,-25.47905739262305,1230,44,93,Care experience and utilisation,1.850754965438703e-05,"Full (age, education, income, municipality, scheme, self-rated health, chronic illness, sex)",0.0001327817963219642
All visits at one facility (>1 visit only),private hospital OPD/ER,public hospital OPD/ER,1.4559769826148605,0.7620248038252947,2.7818897275557513,0.25543547449093573,78.06192158504899,71.1344463562099,6.927475228839086,1230,72,90,Care experience and utilisation,1.850754965438703e-05,"Full (age, education, income, municipality, scheme, self-rated health, chronic illness, sex)",0.39721747253769873
