Specification,Group,aOR,lo,hi,p,Diff (pp),n,note
Base specification,public primary care,0.8697006114884069,0.5940040438545315,1.273356909685521,0.4729570955820095,-1.8123162898743828,1505,
Base specification,private clinic/pharmacy,1.0515083978964164,0.5381596554157492,2.0545388338197057,0.8831600775623748,0.6821691506212285,1505,
Base specification,private hospital OPD/ER,2.416754753975449,1.3538735389258338,4.314068761176142,0.002838236320879498,14.171556280489378,1505,
+ chronic illness already in base (shown for clarity),public primary care,0.8697006114884069,0.5940040438545315,1.273356909685521,0.4729570955820095,-1.8123162898743828,1505,
+ chronic illness already in base (shown for clarity),private clinic/pharmacy,1.0515083978964164,0.5381596554157492,2.0545388338197057,0.8831600775623748,0.6821691506212285,1505,
+ chronic illness already in base (shown for clarity),private hospital OPD/ER,2.416754753975449,1.3538735389258338,4.314068761176142,0.002838236320879498,14.171556280489378,1505,
+ unmet need and visit volume,public primary care,0.903460584977455,0.614077560668948,1.3292148759166993,0.6063110106023262,-1.2846080090312462,1505,
+ unmet need and visit volume,private clinic/pharmacy,1.1597456904038395,0.5773161709560749,2.3297633672426836,0.6771155783110998,1.9861651746869269,1505,
+ unmet need and visit volume,private hospital OPD/ER,2.5770959123409747,1.3695587174087664,4.849316248353536,0.003335590077005001,14.81241475462493,1505,
