Characteristic,Group,People (N),Private-hospital users (n),Rate %,Rate 95% CI low,Rate 95% CI high,Share of all users %,Index (100 = average),Small cell (N < 30)
Age,50 and over,908,45,5.0,3.7,6.6,35.4,79,
Age,Under 50,1109,82,7.4,6.0,9.1,64.6,117,
Area,Non-municipal (rural),1320,64,4.8,3.8,6.1,50.4,77,
Area,Municipal (urban),697,63,9.0,7.1,11.4,49.6,144,
Scheme,Universal Coverage,1317,33,2.5,1.8,3.5,26.0,40,
Scheme,Social Security,474,88,18.6,15.3,22.3,69.3,295,
Scheme,Civil servant,205,5,2.4,1.0,5.6,3.9,39,
Scheme,Other / don't know,21,1,4.8,0.8,22.7,0.8,76,yes
Income,Under 10k,344,3,0.9,0.3,2.5,2.4,14,
Income,10k-30k,1121,59,5.3,4.1,6.7,46.5,84,
Income,30k and over,552,65,11.8,9.3,14.7,51.2,187,
Education,Lower secondary or less,701,17,2.4,1.5,3.8,13.4,39,
Education,Upper secondary +,1316,110,8.4,7.0,10.0,86.6,133,
Sex,Female,1091,66,6.0,4.8,7.6,52.0,96,
Sex,Male,864,60,6.9,5.4,8.8,47.2,110,
Sex,Other,47,0,0.0,0.0,7.6,0.0,0,
Private insurance,No private insurance,1713,87,5.1,4.1,6.2,68.5,81,
Private insurance,Owns private insurance,304,40,13.2,9.8,17.4,31.5,209,
