Pair,Row,Column,People (N),Private-hospital users (n),Rate %,Rate 95% CI low,Rate 95% CI high,Share of all users %,Index (100 = average),Small cell (N < 30)
Age x Area,Under 50,Municipal (urban),393,37,9.4,6.9,12.7,29.1,150,
Age x Area,Under 50,Non-municipal (rural),716,45,6.3,4.7,8.3,35.4,100,
Age x Area,50 and over,Municipal (urban),304,26,8.6,5.9,12.2,20.5,136,
Age x Area,50 and over,Non-municipal (rural),604,19,3.1,2.0,4.9,15.0,50,
Age x Scheme,Under 50,Social Security,375,63,16.8,13.4,20.9,49.6,267,
Age x Scheme,Under 50,Universal Coverage,621,15,2.4,1.5,3.9,11.8,38,
Age x Scheme,Under 50,Civil servant,99,4,4.0,1.6,9.9,3.1,64,
Age x Scheme,Under 50,Other / don't know,14,0,0.0,0.0,21.5,0.0,0,yes
Age x Scheme,50 and over,Social Security,99,25,25.3,17.7,34.6,19.7,401,
Age x Scheme,50 and over,Universal Coverage,696,18,2.6,1.6,4.1,14.2,41,
Age x Scheme,50 and over,Civil servant,106,1,0.9,0.2,5.2,0.8,15,
Age x Scheme,50 and over,Other / don't know,7,1,14.3,2.6,51.3,0.8,227,yes
Area x Scheme,Municipal (urban),Social Security,185,41,22.2,16.8,28.7,32.3,352,
Area x Scheme,Municipal (urban),Universal Coverage,437,17,3.9,2.4,6.1,13.4,62,
Area x Scheme,Municipal (urban),Civil servant,68,5,7.4,3.2,16.1,3.9,117,
Area x Scheme,Municipal (urban),Other / don't know,7,0,0.0,0.0,35.4,0.0,0,yes
Area x Scheme,Non-municipal (rural),Social Security,289,47,16.3,12.5,21.0,37.0,258,
Area x Scheme,Non-municipal (rural),Universal Coverage,880,16,1.8,1.1,2.9,12.6,29,
Area x Scheme,Non-municipal (rural),Civil servant,137,0,0.0,0.0,2.7,0.0,0,
Area x Scheme,Non-municipal (rural),Other / don't know,14,1,7.1,1.3,31.5,0.8,113,yes
Income x Scheme,Under 10k,Social Security,14,1,7.1,1.3,31.5,0.8,113,yes
Income x Scheme,Under 10k,Universal Coverage,310,2,0.6,0.2,2.3,1.6,10,
Income x Scheme,Under 10k,Civil servant,13,0,0.0,0.0,22.8,0.0,0,yes
Income x Scheme,Under 10k,Other / don't know,7,0,0.0,0.0,35.4,0.0,0,yes
Income x Scheme,10k-30k,Social Security,288,43,14.9,11.3,19.5,33.9,237,
Income x Scheme,10k-30k,Universal Coverage,730,16,2.2,1.4,3.5,12.6,35,
Income x Scheme,10k-30k,Civil servant,94,0,0.0,0.0,3.9,0.0,0,
Income x Scheme,10k-30k,Other / don't know,9,0,0.0,0.0,29.9,0.0,0,yes
Income x Scheme,30k and over,Social Security,172,44,25.6,19.6,32.6,34.6,406,
Income x Scheme,30k and over,Universal Coverage,277,15,5.4,3.3,8.7,11.8,86,
Income x Scheme,30k and over,Civil servant,98,5,5.1,2.2,11.4,3.9,81,
Income x Scheme,30k and over,Other / don't know,5,1,20.0,3.6,62.4,0.8,318,yes
Age x Income,Under 50,Under 10k,100,3,3.0,1.0,8.5,2.4,48,
Age x Income,Under 50,10k-30k,656,40,6.1,4.5,8.2,31.5,97,
Age x Income,Under 50,30k and over,353,39,11.0,8.2,14.7,30.7,175,
Age x Income,50 and over,Under 10k,244,0,0.0,0.0,1.5,0.0,0,
Age x Income,50 and over,10k-30k,465,19,4.1,2.6,6.3,15.0,65,
Age x Income,50 and over,30k and over,199,26,13.1,9.1,18.5,20.5,208,
Education x Scheme,Upper secondary +,Social Security,428,80,18.7,15.3,22.7,63.0,297,
Education x Scheme,Upper secondary +,Universal Coverage,699,26,3.7,2.6,5.4,20.5,59,
Education x Scheme,Upper secondary +,Civil servant,177,4,2.3,0.9,5.7,3.1,36,
Education x Scheme,Upper secondary +,Other / don't know,12,0,0.0,0.0,24.2,0.0,0,yes
Education x Scheme,Lower secondary or less,Social Security,46,8,17.4,9.1,30.7,6.3,276,
Education x Scheme,Lower secondary or less,Universal Coverage,618,7,1.1,0.5,2.3,5.5,18,
Education x Scheme,Lower secondary or less,Civil servant,28,1,3.6,0.6,17.7,0.8,57,yes
Education x Scheme,Lower secondary or less,Other / don't know,9,1,11.1,2.0,43.5,0.8,176,yes
Private insurance x Scheme,Owns private insurance,Social Security,104,22,21.2,14.4,30.0,17.3,336,
Private insurance x Scheme,Owns private insurance,Universal Coverage,140,17,12.1,7.7,18.6,13.4,193,
Private insurance x Scheme,Owns private insurance,Civil servant,52,1,1.9,0.3,10.1,0.8,31,
Private insurance x Scheme,Owns private insurance,Other / don't know,8,0,0.0,0.0,32.4,0.0,0,yes
Private insurance x Scheme,No private insurance,Social Security,370,66,17.8,14.3,22.1,52.0,283,
Private insurance x Scheme,No private insurance,Universal Coverage,1177,16,1.4,0.8,2.2,12.6,22,
Private insurance x Scheme,No private insurance,Civil servant,153,4,2.6,1.0,6.5,3.1,42,
Private insurance x Scheme,No private insurance,Other / don't know,13,1,7.7,1.4,33.3,0.8,122,yes
Area x Income,Municipal (urban),Under 10k,119,2,1.7,0.5,5.9,1.6,27,
Area x Income,Municipal (urban),10k-30k,355,32,9.0,6.5,12.4,25.2,143,
Area x Income,Municipal (urban),30k and over,223,29,13.0,9.2,18.1,22.8,207,
Area x Income,Non-municipal (rural),Under 10k,225,1,0.4,0.1,2.5,0.8,7,
Area x Income,Non-municipal (rural),10k-30k,766,27,3.5,2.4,5.1,21.3,56,
Area x Income,Non-municipal (rural),30k and over,329,36,10.9,8.0,14.8,28.3,174,
Sex x Age,Female,Under 50,612,46,7.5,5.7,9.9,36.2,119,
Sex x Age,Female,50 and over,479,20,4.2,2.7,6.4,15.7,66,
Sex x Age,Male,Under 50,449,36,8.0,5.8,10.9,28.3,127,
Sex x Age,Male,50 and over,415,24,5.8,3.9,8.5,18.9,92,
Sex x Age,Other,Under 50,39,0,0.0,0.0,9.0,0.0,0,
Sex x Age,Other,50 and over,8,0,0.0,0.0,32.4,0.0,0,yes
