Target definition,People (N),% of population,Private-hospital users (n),Rate % (precision),Rate 95% CI low,Rate 95% CI high,Share of all users % (reach),Index (100 = average)
Everyone (reference),2017,100.0,127,6.3,5.3,7.4,100.0,100
Under 50,1109,55.0,82,7.4,6.0,9.1,64.6,117
Municipal (urban),697,34.6,63,9.0,7.1,11.4,49.6,144
Under 50 + municipal,393,19.5,37,9.4,6.9,12.7,29.1,150
Income 30k and over,552,27.4,65,11.8,9.3,14.7,51.2,187
Owns private insurance,304,15.1,40,13.2,9.8,17.4,31.5,209
Social Security,474,23.5,88,18.6,15.3,22.3,69.3,295
Social Security + under 50,375,18.6,63,16.8,13.4,20.9,49.6,267
Social Security + municipal,185,9.2,41,22.2,16.8,28.7,32.3,352
Social Security + under 50 + municipal  (the starting hypothesis),133,6.6,25,18.8,13.1,26.3,19.7,299
Social Security + income 30k and over,172,8.5,44,25.6,19.6,32.6,34.6,406
Social Security OR owns private insurance,674,33.4,106,15.7,13.2,18.7,83.5,250
