ผลลัพธ์,Group,Reference,aOR,lo,hi,p,Pred. prob. (%),Pred. prob. ref (%),Diff (pp),n,events,group n,Family,Omnibus p (group),Specification,p (BH within family)
ประสบการณ์โดยรวม,private hospital OPD/ER,public hospital OPD/ER,2.237349153561833,1.3289964441761586,3.766549757811347,0.0024437677878729,48.29692794372391,30.491558046298945,17.80536989742496,1505,72,126,Visit experience (11 items),0.0018898094684017,"Full (age, education, income, municipality, scheme, self-rated health, chronic illness, sex)",0.0080644336999807
ความรู้และทักษะของผู้ให้บริการ,private hospital OPD/ER,public hospital OPD/ER,1.3838348091790054,0.8294358976480688,2.308796598417822,0.213537508477005,55.335953770230226,47.5492829187751,7.7866708514551295,1505,75,126,Visit experience (11 items),0.3533003157224709,"Full (age, education, income, municipality, scheme, self-rated health, chronic illness, sex)",0.2818695111896466
ความพร้อมของอุปกรณ์และเวชภัณฑ์,private hospital OPD/ER,public hospital OPD/ER,1.107519414636717,0.6878851595997286,1.783145393790729,0.674287062340718,51.81653009202075,49.40684669172532,2.4096834002954317,1505,74,126,Visit experience (11 items),0.6749201101368529,"Full (age, education, income, municipality, scheme, self-rated health, chronic illness, sex)",0.6953585330388654
ได้รับการปฏิบัติด้วยความเคารพ,private hospital OPD/ER,public hospital OPD/ER,1.9993426558529073,1.2074798289377406,3.3105075212971258,0.007086916130895,51.246390599240165,35.50229090060208,15.744099698638092,1505,73,126,Visit experience (11 items),0.043116556302424,"Full (age, education, income, municipality, scheme, self-rated health, chronic illness, sex)",0.015591215487969
ผู้ให้บริการทราบประวัติการรักษา,private hospital OPD/ER,public hospital OPD/ER,3.1629292430032865,1.9066333533603232,5.24700849201746,8.239574926248599e-06,59.173053722422594,32.576809767712085,26.596243954710513,1315,72,112,Visit experience (11 items),4.2028149669058815e-05,"Full (age, education, income, municipality, scheme, self-rated health, chronic illness, sex)",0.0001359529862831
อธิบายข้อมูลอย่างเข้าใจง่าย,private hospital OPD/ER,public hospital OPD/ER,1.9233395682844232,1.2099940752613991,3.0572340563976335,0.0056732008020237,48.12175356053315,33.406507664885496,14.715245895647657,1505,71,126,Visit experience (11 items),0.0271656406990151,"Full (age, education, income, municipality, scheme, self-rated health, chronic illness, sex)",0.0150841805805066
มีส่วนร่วมในการตัดสินใจ,private hospital OPD/ER,public hospital OPD/ER,2.1274791609636514,1.2497379698447852,3.6216932585450223,0.0054145288329214,47.88520388660837,31.005290722524997,16.879913164083376,1505,70,126,Visit experience (11 items),0.0034920317785675,"Full (age, education, income, municipality, scheme, self-rated health, chronic illness, sex)",0.0150841805805066
มีเวลาปรึกษาเพียงพอ,private hospital OPD/ER,public hospital OPD/ER,2.9067616758682133,1.768264773946408,4.778279568075737,2.580744983515849e-05,53.45375261466455,29.41722003072455,24.03653258394,1505,75,126,Visit experience (11 items),0.0004442021343829,"Full (age, education, income, municipality, scheme, self-rated health, chronic illness, sex)",0.0002273674044555
ความพึงพอใจต่อเวลารอ,private hospital OPD/ER,public hospital OPD/ER,3.543320744633845,2.07878250907862,6.039651500106838,3.327827061564329e-06,50.18740920296327,23.318355025481026,26.869054177482255,1505,72,126,Visit experience (11 items),7.547861598377343e-05,"Full (age, education, income, municipality, scheme, self-rated health, chronic illness, sex)",0.0001098182930316
ความสุภาพของเจ้าหน้าที่,private hospital OPD/ER,public hospital OPD/ER,2.5220736576841665,1.4780462018428344,4.303556632298535,0.0006911198440767,46.06381335510793,26.136238796289103,19.92757455881883,1353,64,118,Visit experience (11 items),0.003954185406795,"Full (age, education, income, municipality, scheme, self-rated health, chronic illness, sex)",0.003801159142422
ความสะดวกในการนัดหมาย,private hospital OPD/ER,public hospital OPD/ER,3.2807518085446654,1.8826677785969783,5.717064131883245,2.755968538855499e-05,44.4732933817295,20.7192821316547,23.7540112500748,1505,65,126,Visit experience (11 items),0.0002017387347088,"Full (age, education, income, municipality, scheme, self-rated health, chronic illness, sex)",0.0002273674044555
ประเมินหน่วยบริการประจำว่าดีมาก/ดีเยี่ยม,private hospital OPD/ER,public hospital OPD/ER,2.217468027846682,1.367818163853115,3.594896298694194,0.0012354217568497,52.88897515834924,34.384148826735654,18.504826331613582,1505,74,126,Care experience and utilisation,0.0071022773580927,"Full (age, education, income, municipality, scheme, self-rated health, chronic illness, sex)",0.0074125305410985
แนะนำหน่วยบริการ (คะแนน 9–10),private hospital OPD/ER,public hospital OPD/ER,1.8388007452483544,1.0522571665955551,3.2132717058751994,0.0324498705511,31.274340650001065,20.017818888539313,11.256521761461752,1505,43,126,Care experience and utilisation,0.0001728115988427,"Full (age, education, income, municipality, scheme, self-rated health, chronic illness, sex)",0.0865329881362668
รอรับบริการอย่างน้อย 1 ชั่วโมง,private hospital OPD/ER,public hospital OPD/ER,0.5158514553959658,0.3162279902450589,0.8414901028461189,0.0080209958175272,28.973586808312795,43.59677458055338,-14.62318777224058,1505,32,126,Care experience and utilisation,4.784927608476636e-08,"Full (age, education, income, municipality, scheme, self-rated health, chronic illness, sex)",0.0320839832701089
นอนโรงพยาบาลใน 12 เดือน,private hospital OPD/ER,public hospital OPD/ER,2.416754753975449,1.3538735389258338,4.314068761176142,0.0028382363208794,33.333255800450054,19.16169951996067,14.171556280489378,1505,37,126,Care experience and utilisation,0.014586420935742,"Full (age, education, income, municipality, scheme, self-rated health, chronic illness, sex)",0.0136235343402215
มีความต้องการบริการที่ไม่ได้รับการตอบสนอง,private hospital OPD/ER,public hospital OPD/ER,1.1647626951153929,0.605372886847968,2.241052028273583,0.6478303725755121,20.838083809478142,18.554657275736098,2.2834265337420447,1505,21,126,Care experience and utilisation,0.0055919761385487,"Full (age, education, income, municipality, scheme, self-rated health, chronic illness, sex)",0.7773964470906145
เคยรับรู้ความผิดพลาดทางการแพทย์,private hospital OPD/ER,public hospital OPD/ER,0.9529680129154958,0.3409502447780431,2.663579356663341,0.9268082153301638,3.731215579879944,3.904960327365929,-0.1737447474859842,1505,5,126,Care experience and utilisation,0.2671310549678913,"Full (age, education, income, municipality, scheme, self-rated health, chronic illness, sex)",0.968675764839072
เคยรู้สึกถูกเลือกปฏิบัติ,private hospital OPD/ER,public hospital OPD/ER,0.4183613466367236,0.1734885659957138,1.008863122218769,0.0523413029811918,4.634612084621499,10.245313898886428,-5.61070181426493,1505,5,126,Care experience and utilisation,0.2839622121876311,"Full (age, education, income, municipality, scheme, self-rated health, chronic illness, sex)",0.1141992065044185
All visits at one facility (>1 visit only),private hospital OPD/ER,public hospital OPD/ER,1.4559769826148603,0.7620248038252947,2.7818897275557513,0.2554354744909357,78.06192158504899,71.1344463562099,6.927475228839086,1230,72,90,Care experience and utilisation,1.850754965438703e-05,"Full (age, education, income, municipality, scheme, self-rated health, chronic illness, sex)",0.3972174725376987
มั่นใจทั้งคุณภาพและความสามารถจ่าย,private hospital OPD/ER,public hospital OPD/ER,1.2708108498226114,0.8018369884647295,2.014075478257767,0.3077281755767204,68.23635388892964,63.046137943384075,5.190215945545573,1505,90,126,System confidence,0.1441384456324301,"Full (age, education, income, municipality, scheme, self-rated health, chronic illness, sex)",0.5275340152743778
มั่นใจว่าจะได้รับบริการคุณภาพเมื่อป่วยหนัก,private hospital OPD/ER,public hospital OPD/ER,1.1881055741347828,0.6836908669028006,2.0646682932665623,0.5409897623420934,80.44108437648693,77.68012043793763,2.760963938549299,1505,104,126,System confidence,0.009124398614375,"Full (age, education, income, municipality, scheme, self-rated health, chronic illness, sex)",0.7014898933075172
มั่นใจว่าสามารถจ่ายค่ารักษาได้,private hospital OPD/ER,public hospital OPD/ER,1.3428477858449062,0.8550624010813274,2.1088989220765133,0.2005257544730629,71.24881972450633,65.1194412659032,6.12937845860313,1505,93,126,System confidence,0.1199668076052738,"Full (age, education, income, municipality, scheme, self-rated health, chronic illness, sex)",0.4375107370321374
เห็นว่าระบบดีขึ้นในสองปี,private hospital OPD/ER,public hospital OPD/ER,1.3406783642087603,0.7949383432213639,2.2610791032845636,0.2715983220630567,34.78927158844345,28.548723361293703,6.240548227149745,1505,45,126,System confidence,0.0897815665145794,"Full (age, education, income, municipality, scheme, self-rated health, chronic illness, sex)",0.5014122868856431
เห็นว่าระบบดี/ต้องปรับเล็กน้อย,private hospital OPD/ER,public hospital OPD/ER,0.8003464957025932,0.4944508777299869,1.2954866540518497,0.3647404970207041,42.46999330349213,47.835808384957694,-5.365815081465564,1505,51,126,System confidence,0.3402344770708486,"Full (age, education, income, municipality, scheme, self-rated health, chronic illness, sex)",0.5835847952331267
ประเมินระบบภาครัฐว่าคุณภาพสูง,private hospital OPD/ER,public hospital OPD/ER,1.2258772181121371,0.5982360073908349,2.5120102021952864,0.5779530677164523,18.021208593738592,15.266129750932915,2.755078842805675,1505,21,126,System confidence,0.0595664869033998,"Full (age, education, income, municipality, scheme, self-rated health, chronic illness, sex)",0.7014898933075172
ประเมินระบบเอกชนว่าคุณภาพสูง,private hospital OPD/ER,public hospital OPD/ER,1.6224698374394146,0.950731898762572,2.7688230265828886,0.0759489923308034,54.1941650596614,42.64901670216476,11.545148357496643,1505,71,126,System confidence,0.1350934899831416,"Full (age, education, income, municipality, scheme, self-rated health, chronic illness, sex)",0.2486689863077224
มั่นใจว่ารัฐรับฟังประชาชน,private hospital OPD/ER,public hospital OPD/ER,0.8770639912084274,0.5026053816958211,1.5305073775354123,0.6442500104255906,49.28426018909183,52.508051133138856,-3.2237909440470225,1505,66,126,System confidence,0.0126242984398426,"Full (age, education, income, municipality, scheme, self-rated health, chronic illness, sex)",0.708675964318314
