ตัวชี้วัด,ประเทศหรือพื้นที่,ร้อยละ,แหล่งข้อมูล
ประเมินคุณภาพระบบภาครัฐดีมากหรือดีเยี่ยม,เอธิโอเปีย,34.9,kruk_2024
ประเมินคุณภาพระบบภาครัฐดีมากหรือดีเยี่ยม,เคนยา,25.8,kruk_2024
ประเมินคุณภาพระบบภาครัฐดีมากหรือดีเยี่ยม,แอฟริกาใต้,28.1,kruk_2024
ประเมินคุณภาพระบบภาครัฐดีมากหรือดีเยี่ยม,เปรู,14.9,kruk_2024
ประเมินคุณภาพระบบภาครัฐดีมากหรือดีเยี่ยม,โคลอมเบีย,15.0,kruk_2024
ประเมินคุณภาพระบบภาครัฐดีมากหรือดีเยี่ยม,เม็กซิโก,18.9,kruk_2024
ประเมินคุณภาพระบบภาครัฐดีมากหรือดีเยี่ยม,อุรุกวัย,27.3,kruk_2024
ประเมินคุณภาพระบบภาครัฐดีมากหรือดีเยี่ยม,อาร์เจนตินา (เมนโดซา),29.7,kruk_2024
ประเมินคุณภาพระบบภาครัฐดีมากหรือดีเยี่ยม,ลาว,25.6,kruk_2024
ประเมินคุณภาพระบบภาครัฐดีมากหรือดีเยี่ยม,อินเดีย,21.9,kruk_2024
ประเมินคุณภาพระบบภาครัฐดีมากหรือดีเยี่ยม,เกาหลีใต้,42.4,kruk_2024
ประเมินคุณภาพระบบภาครัฐดีมากหรือดีเยี่ยม,กรีซ,8.6,kruk_2024
ประเมินคุณภาพระบบภาครัฐดีมากหรือดีเยี่ยม,อิตาลี,20.9,kruk_2024
ประเมินคุณภาพระบบภาครัฐดีมากหรือดีเยี่ยม,สหราชอาณาจักร,42.3,kruk_2024
ประเมินคุณภาพระบบภาครัฐดีมากหรือดีเยี่ยม,สหรัฐอเมริกา,18.9,kruk_2024
ประเมินคุณภาพระบบภาครัฐดีมากหรือดีเยี่ยม,รวมตามรายงานต้นทาง,26.1,kruk_2024
ประเมินคุณภาพระบบเอกชนดีมากหรือดีเยี่ยม,เอธิโอเปีย,33.1,kruk_2024
ประเมินคุณภาพระบบเอกชนดีมากหรือดีเยี่ยม,เคนยา,59.0,kruk_2024
ประเมินคุณภาพระบบเอกชนดีมากหรือดีเยี่ยม,แอฟริกาใต้,54.4,kruk_2024
ประเมินคุณภาพระบบเอกชนดีมากหรือดีเยี่ยม,เปรู,18.5,kruk_2024
ประเมินคุณภาพระบบเอกชนดีมากหรือดีเยี่ยม,โคลอมเบีย,22.5,kruk_2024
ประเมินคุณภาพระบบเอกชนดีมากหรือดีเยี่ยม,เม็กซิโก,25.7,kruk_2024
ประเมินคุณภาพระบบเอกชนดีมากหรือดีเยี่ยม,อุรุกวัย,35.7,kruk_2024
ประเมินคุณภาพระบบเอกชนดีมากหรือดีเยี่ยม,อาร์เจนตินา (เมนโดซา),30.2,kruk_2024
ประเมินคุณภาพระบบเอกชนดีมากหรือดีเยี่ยม,ลาว,26.1,kruk_2024
ประเมินคุณภาพระบบเอกชนดีมากหรือดีเยี่ยม,อินเดีย,27.6,kruk_2024
ประเมินคุณภาพระบบเอกชนดีมากหรือดีเยี่ยม,เกาหลีใต้,32.5,kruk_2024
ประเมินคุณภาพระบบเอกชนดีมากหรือดีเยี่ยม,กรีซ,31.3,kruk_2024
ประเมินคุณภาพระบบเอกชนดีมากหรือดีเยี่ยม,อิตาลี,33.7,kruk_2024
ประเมินคุณภาพระบบเอกชนดีมากหรือดีเยี่ยม,สหราชอาณาจักร,54.3,kruk_2024
ประเมินคุณภาพระบบเอกชนดีมากหรือดีเยี่ยม,สหรัฐอเมริกา,41.1,kruk_2024
ประเมินคุณภาพระบบเอกชนดีมากหรือดีเยี่ยม,รวมตามรายงานต้นทาง,36.2,kruk_2024
ประเมินคุณภาพระบบภาครัฐดีมากหรือดีเยี่ยม,ไทย (กลุ่มตัวอย่าง 13 จังหวัด),18.0,pvs_thailand
ประเมินคุณภาพระบบเอกชนดีมากหรือดีเยี่ยม,ไทย (กลุ่มตัวอย่าง 13 จังหวัด),45.4,pvs_thailand
