รายการ,กลุ่ม,จำนวน,ตัวหาร,ร้อยละ,95% CI ล่าง,95% CI บน
18–29 ปี,ผู้ตอบทั้งหมด,359,2017,17.8,16.19,19.53
30–39 ปี,ผู้ตอบทั้งหมด,372,2017,18.44,16.81,20.2
40–49 ปี,ผู้ตอบทั้งหมด,378,2017,18.74,17.1,20.5
50–59 ปี,ผู้ตอบทั้งหมด,384,2017,19.04,17.38,20.81
60–69 ปี,ผู้ตอบทั้งหมด,324,2017,16.06,14.53,17.73
70–79 ปี,ผู้ตอบทั้งหมด,151,2017,7.49,6.42,8.72
80 ปีขึ้นไป,ผู้ตอบทั้งหมด,49,2017,2.43,1.84,3.2
ต่ำกว่าประถมศึกษา,ผู้ตอบทั้งหมด,109,2017,5.4,4.5,6.48
ประถมศึกษา,ผู้ตอบทั้งหมด,342,2017,16.96,15.38,18.66
มัธยมศึกษาตอนต้น,ผู้ตอบทั้งหมด,250,2017,12.39,11.03,13.9
มัธยมศึกษาตอนปลาย/ปวช.,ผู้ตอบทั้งหมด,470,2017,23.3,21.51,25.2
อนุปริญญา/ปวส.,ผู้ตอบทั้งหมด,288,2017,14.28,12.82,15.87
ปริญญาตรีขึ้นไป,ผู้ตอบทั้งหมด,558,2017,27.66,25.76,29.66
"ต่ำกว่า 30,000 บาท/เดือน",ผู้ตอบทั้งหมด,1465,2017,72.63,70.65,74.53
"30,000–59,999 บาท/เดือน",ผู้ตอบทั้งหมด,449,2017,22.26,20.5,24.13
"60,000 บาท/เดือนขึ้นไป",ผู้ตอบทั้งหมด,103,2017,5.11,4.23,6.16
หลักประกันสุขภาพแห่งชาติ,ผู้ตอบทั้งหมด,1317,2017,65.3,63.19,67.34
ประกันสังคม,ผู้ตอบทั้งหมด,474,2017,23.5,21.7,25.4
สวัสดิการข้าราชการ,ผู้ตอบทั้งหมด,205,2017,10.16,8.92,11.56
สิทธิรัฐอื่น,ผู้ตอบทั้งหมด,1,2017,0.05,0.01,0.28
ไม่ทราบสิทธิหลัก,ผู้ตอบทั้งหมด,20,2017,0.99,0.64,1.53
