source_path,release_path,bytes,sha256
output/revision_2026-09/figures/Figure 1 - Profile by provider group.png,results/2026-09/figures/Figure 1 - Profile by provider group.png,181128,6bfa2b9caf538b5133586efcbb05a5e759719e3e29b6c7866902b8d432afd25f
output/revision_2026-09/figures/Figure 2 - Reason for choosing provider.png,results/2026-09/figures/Figure 2 - Reason for choosing provider.png,117865,ab9a7c8d4ba4905d3f643711bd94aa35753516022113bab05c3e375912a911ac
output/figures/Figure 3 - Access and utilisation.png,results/2026-09/figures/Figure 3 - Access and utilisation.png,157088,43646f7011616dba437f9f78d2c1e2e3a61a7fd69414103649f1daff4a5a0ccc
output/revision_2026-09/figures/Figure 4 - Preventive services by provider group.png,results/2026-09/figures/Figure 4 - Preventive services by provider group.png,143843,fec390cbfa492e1956e126414c3d8aa05d56d344808106cf01239cf89ebade5a
output/revision_2026-09/figures/Figure 5 - Visit experience by domain.png,results/2026-09/figures/Figure 5 - Visit experience by domain.png,171100,4313359efb095cd266d9202b23aefeddc5cf5074204c959974214fb746da5018
output/figures/Figure 6 - Adjusted differences private hospital users.png,results/2026-09/figures/Figure 6 - Adjusted differences private hospital users.png,412757,7c2c43fd7b5ba9a6b7857a57eba535d9bc5f56064d917edf8f708d4ad2255815
output/revision_2026-09/figures/Figure 7 - Thailand vs India health security.png,results/2026-09/figures/Figure 7 - Thailand vs India health security.png,99489,c1bfade532f739e7cfbe2479420305bb97223c322012f8edafda757125b70bfe
output/revision_2026-09/figures/Figure A1 - Planned vs achieved sample.png,results/2026-09/figures/Figure A1 - Planned vs achieved sample.png,138058,2fd941bb1b4f4180b7b4148f1fcb4d16849faecece8888bbe16b3082a809a5b1
output/revision_2026-09/figures/Figure A2 - Preventive services adjusted.png,results/2026-09/figures/Figure A2 - Preventive services adjusted.png,163459,3a3cd20ec0736b649257f14f7b5983acca7c0479e0d1ee0ab75d662c53749097
output/revision_2026-09/tables/T01_cohort_flow.csv,results/2026-09/tables/T01_cohort_flow.csv,397,93f07442d5e1998f3b14da9ce28eeebc7154da5bb51fbc362dd5bffb348f4ca9
output/revision_2026-09/tables/T02_classification_map.csv,results/2026-09/tables/T02_classification_map.csv,3564,c857a9bf2fe8cb6a78fd0b0389af8166ce15d41a11530da4545e94a966000499
output/revision_2026-09/tables/T03_usual_vs_last_visit.csv,results/2026-09/tables/T03_usual_vs_last_visit.csv,381,a6ed9e385cc216dd01f1c5d5917eef3fb208046d2e78db347f99dc02e2009bf2
output/revision_2026-09/tables/T04_health_coding_impact.csv,results/2026-09/tables/T04_health_coding_impact.csv,451,4983b17e522d3a0adba0970321019fe89a884f5ab8427445cf716e64d3b1600c
output/revision_2026-09/tables/T05_age_denominator_audit.csv,results/2026-09/tables/T05_age_denominator_audit.csv,394,a2284e8747bc961f1e0d78d69c26f4c7c08cb0a58b938352ea996449e387042c
output/revision_2026-09/tables/T06_denominator_rules.csv,results/2026-09/tables/T06_denominator_rules.csv,2946,f28dceae72fc934a931d7a56b3e7b6402c56b1ca0e61f11e8f2c60f58b68b419
output/revision_2026-09/tables/T07_complete_case_audit.csv,results/2026-09/tables/T07_complete_case_audit.csv,185,e4ca77b78ab9b30c9575ab2dcf7cc1cb41a75dcdc30b2121d6f57f93210e1735
output/revision_2026-09/tables/T07b_complete_cases_by_group.csv,results/2026-09/tables/T07b_complete_cases_by_group.csv,127,00463ef9789a2be293e7b48d976ad0858668edcdb9ee20cd7498e93349b78aa3
output/revision_2026-09/tables/T10_planned_vs_achieved_region.csv,results/2026-09/tables/T10_planned_vs_achieved_region.csv,1295,5347e810aad1e69d879e142a15abc3b5b182e15a2ce1a116567687b10b164927
output/revision_2026-09/tables/T11_quota_audit.csv,results/2026-09/tables/T11_quota_audit.csv,480,a9620b5680e49b08071e902f6c98cbaea75acfd0ed2a1993219bff20ebb59309
output/revision_2026-09/tables/T12_quota_cells.csv,results/2026-09/tables/T12_quota_cells.csv,96,da42479af18663543c7e9a321f73774a5b547950905757263cc620939d30a9bb
output/revision_2026-09/tables/T13_cluster_structure.csv,results/2026-09/tables/T13_cluster_structure.csv,258,f6906c50d01b6c9213028984b207b3b9bc412f046b167b45b131d0150701e00b
output/revision_2026-09/tables/T14_full_sample_descriptives.csv,results/2026-09/tables/T14_full_sample_descriptives.csv,2558,7ed7cd9de27a2106cc7735f7246a14b252014fecb6658135a89e27e0cb89f301
output/revision_2026-09/tables/T20_profile_by_group.csv,results/2026-09/tables/T20_profile_by_group.csv,2976,f26a761475d3ca258e8c8c9d862b7ac9a76a3431c498934035bb15d599197c62
output/tables/T21_utilisation_by_group.csv,results/2026-09/tables/T21_utilisation_by_group.csv,3057,e8e3380a2b4aa4aeecfd2b4157aff54c5f99e40c1aca8e188c10560014f6dcfd
output/revision_2026-09/tables/T22_access_by_group.csv,results/2026-09/tables/T22_access_by_group.csv,2464,52bf4c4d0db605c94c9a81fc28775ca819123c3d1f71d7bb7f492c4ceb425700
output/revision_2026-09/tables/T23_confidence_by_group.csv,results/2026-09/tables/T23_confidence_by_group.csv,2224,b9c7a9ac0fb4151adf81efa8680d619aefb4f1ed30b18e9b2a2e1a73a5bc2ea3
output/revision_2026-09/tables/T24_profile_binary.csv,results/2026-09/tables/T24_profile_binary.csv,1621,679ae52ffdaa25a9b0980b8c55931642487dd38dd061f7662f8ab5548e5f8285
output/revision_2026-09/tables/T25_reasons_binary.csv,results/2026-09/tables/T25_reasons_binary.csv,944,bd38bbf5e2567a20dce5706548898da4e8268194f3d7616b0dee4b5b73927c2b
output/tables/T26_utilisation_binary.csv,results/2026-09/tables/T26_utilisation_binary.csv,1047,1c38e934167ca865eba9d150d7299cdeb9c9a2024eb7c5e245254b6864e108da
output/revision_2026-09/tables/T30_preventive_descriptive.csv,results/2026-09/tables/T30_preventive_descriptive.csv,1037,c593f7822be93cd63bd51778bcab55a9b69a3880ff75796da2ecc23af37cf468
output/revision_2026-09/tables/T30b_preventive_descriptive_women.csv,results/2026-09/tables/T30b_preventive_descriptive_women.csv,496,322f742ca6fa91d9d662a55eeb40dc7d084d78411df3781de8bcb8563c1b6eb6
output/revision_2026-09/tables/T30c_screening_by_sex_all_respondents.csv,results/2026-09/tables/T30c_screening_by_sex_all_respondents.csv,341,eb213d4229c2f9eb9c29302458f4fdbf56b9982abd084303af4e108a8aa4ddf6
output/revision_2026-09/tables/T31_preventive_adjusted.csv,results/2026-09/tables/T31_preventive_adjusted.csv,9487,4febc57535d111521739b6776110c22c0b1cfb88f7355b52503eb6e174865e6b
output/revision_2026-09/tables/T32_preventive_model_notes.csv,results/2026-09/tables/T32_preventive_model_notes.csv,321,afedaecdf62beabd327a8183b17527a6d3bb621e9e6479055737a4eb48cad8b0
output/revision_2026-09/tables/T33_preventive_clinic_vs_pharmacy.csv,results/2026-09/tables/T33_preventive_clinic_vs_pharmacy.csv,1180,62b510dc875802e782476f39c7f41bed83e3bd99e315bf9958de3ab3f0e25438
output/revision_2026-09/tables/T34_preventive_incl_no_usual_source.csv,results/2026-09/tables/T34_preventive_incl_no_usual_source.csv,1215,69a0bec873d7b9acf19643a51593644aee8cf661d8273ecb1b75c81cb0eb4974
output/revision_2026-09/tables/T40_activation_by_group.csv,results/2026-09/tables/T40_activation_by_group.csv,790,895a1a9b011404a03618c236e78b3045f5d3c0c94ece32d9771d74bd51f7fccf
output/revision_2026-09/tables/T40b_activation_components_full_sample.csv,results/2026-09/tables/T40b_activation_components_full_sample.csv,521,bf359f0943ec9a63ff83c3104fc9f7b16e91062e1bf6e55d5be57a81c0f5e590
output/revision_2026-09/tables/T41_activation_associations.csv,results/2026-09/tables/T41_activation_associations.csv,700,1b39a26337e51bdac4a3ebe32fbfbd4fb50a04ed280bdc0d29436325c824ba79
output/revision_2026-09/tables/T42_activation_adjustment_effect.csv,results/2026-09/tables/T42_activation_adjustment_effect.csv,731,95681eabf504127742a726afce5f18eff8195542cbf3fd00507a2fc9d4159003
output/revision_2026-09/tables/T50_experience_by_usual_group.csv,results/2026-09/tables/T50_experience_by_usual_group.csv,1982,2347830ec6e364b52c933d14cfd32104808afbe53a96e57bd202b98a6e9919c0
output/revision_2026-09/tables/T51_experience_by_last_visit_provider.csv,results/2026-09/tables/T51_experience_by_last_visit_provider.csv,1984,1f26d0de717deca5f2e3b180063a2e250f643454902f6223e52338f6eea45530
output/revision_2026-09/tables/T52_experience_concordant_only.csv,results/2026-09/tables/T52_experience_concordant_only.csv,1971,51e18a8919522c83d28b62e57c92acc813d7e68847ae9033da2d63440bc31e25
output/revision_2026-09/tables/T52b_concordance_sample_sizes.csv,results/2026-09/tables/T52b_concordance_sample_sizes.csv,208,8023b53e247ca361976a52bece5c53e3027a04ac5023f79022ef6db77349cae8
output/revision_2026-09/tables/T53_structural_not_applicable.csv,results/2026-09/tables/T53_structural_not_applicable.csv,670,dbb1e870fec984375841776cf99e6881787108620350e570c8a2505b8c320328
output/revision_2026-09/tables/T54_experience_adjusted.csv,results/2026-09/tables/T54_experience_adjusted.csv,13413,7f6f812711474237498fe1cc54c5687e87b977b836a399f87c8fa801055d49ee
output/revision_2026-09/tables/T54b_experience_model_notes.csv,results/2026-09/tables/T54b_experience_model_notes.csv,4,b42f2099187886def637d6aa840022266e05cb6c987a9394e708e23cd505eb46
output/revision_2026-09/tables/T55_security_decomposition.csv,results/2026-09/tables/T55_security_decomposition.csv,484,e71e1450c817bf6e3513041e356590559cc427230bfe0353af96addc34cd7a18
output/revision_2026-09/tables/T56_own_provider_rating_x_health_security.csv,results/2026-09/tables/T56_own_provider_rating_x_health_security.csv,122,e7f815ea98be0e5de933a75d969bd124ea394cc86b62fd372db2732ae42c439a
output/revision_2026-09/tables/T57_high_rating_but_insecure.csv,results/2026-09/tables/T57_high_rating_but_insecure.csv,322,efbd2151e6907dfa9193b36bcda29f64effd3a2ed7d91ba94aaf9c3a6aba7f52
output/revision_2026-09/tables/T58_confidence_adjusted.csv,results/2026-09/tables/T58_confidence_adjusted.csv,9071,c8c224fee676d6cace41542f4c0355460cc9cf1b2712945a9dff4d690f5e4bb7
output/tables/T59_core_outcomes_adjusted.csv,results/2026-09/tables/T59_core_outcomes_adjusted.csv,9635,ffc2962dd95c2d42d2a493218f8871558310c8f5e2d712afea8b3b6fe8545af5
output/revision_2026-09/tables/T59b_core_model_notes.csv,results/2026-09/tables/T59b_core_model_notes.csv,4,b42f2099187886def637d6aa840022266e05cb6c987a9394e708e23cd505eb46
output/revision_2026-09/tables/T60_admission_sensitivity.csv,results/2026-09/tables/T60_admission_sensitivity.csv,1473,d474a19adb768f5e82119b4b0e3ca7feb8e02dad7dbf32ece523af4778ba1f92
output/revision_2026-09/tables/T70_financing_items_available.csv,results/2026-09/tables/T70_financing_items_available.csv,909,962b200f0fb147c2c4e5ec9c81905710381c3a4f099778056d7554fde01a997b
output/revision_2026-09/tables/T71_private_hospital_users_coverage_overlap.csv,results/2026-09/tables/T71_private_hospital_users_coverage_overlap.csv,99,303a90777bb8f4960378e1df36b076bce7e609cbbf0ae3f2898bef3d4c90358b
output/revision_2026-09/tables/T72_private_hospital_observed_profiles.csv,results/2026-09/tables/T72_private_hospital_observed_profiles.csv,938,fd31a0ab5322c80cbb7ea04f3d9a73d89ac599d444c92b2a98e187cbe5c901f8
output/revision_2026-09/tables/T73_private_user_population_boundary.csv,results/2026-09/tables/T73_private_user_population_boundary.csv,409,400337c7c3caf3b4c8807ebf344f1fc5e502f00bbcdffb098881b179454fd8ca
output/revision_2026-09/tables/T74_target_one_way.csv,results/2026-09/tables/T74_target_one_way.csv,1085,c8590c54fd187799d2ebf10b71a51d4fa91c2472d9e22e34e8942bbd7d02144f
output/revision_2026-09/tables/T75_target_two_way.csv,results/2026-09/tables/T75_target_two_way.csv,5068,8421a838557d32cbe0f01c3e7087ef22de93a551f7b90c7ef3a8275680aaadf8
output/revision_2026-09/tables/T76_target_segments_age_area_scheme.csv,results/2026-09/tables/T76_target_segments_age_area_scheme.csv,2463,b9aaa6f08b18e904fb7728cd9b15dc1af13d48269e600c3d47def51ba120f207
output/revision_2026-09/tables/T77_target_segments_with_income.csv,results/2026-09/tables/T77_target_segments_with_income.csv,7850,e6db743e8fd4dd2c4ae9c2d2ac6405ec895525ccbbce201e95e3ae5a5dec29e7
output/revision_2026-09/tables/T78_target_adjusted.csv,results/2026-09/tables/T78_target_adjusted.csv,804,cf5464d6fc71b5de2c29e405aeeed1e56d5b857ae9e4ce59863936936914c953
output/revision_2026-09/tables/T79_target_definitions_compared.csv,results/2026-09/tables/T79_target_definitions_compared.csv,930,5cbf9b5ec7f0014e986a9afd04aac8cad9b8055a017da641677ff27ad0fb8f02
output/revision_2026-09/tables/T80_thailand_india_indicators.csv,results/2026-09/tables/T80_thailand_india_indicators.csv,377,8e1e3b47a7a4bfa3e19889c770b6b4f5aca57161d1b13a8e7790942aef9ebe8a
output/revision_2026-09/tables/T81_comparability_checklist.csv,results/2026-09/tables/T81_comparability_checklist.csv,893,4de3a708676da9e64e240ed4aebddde19fdf8010612382fdf7aa08268c6fbe52
output/tables/T90_all_adjusted_combined.csv,results/2026-09/tables/T90_all_adjusted_combined.csv,31476,b3426b8042c68e5f3a4e70d98e8e9fa7f5db883a86af0be2b8d994f94c78a553
output/revision_2026-09/tables/framework_matrix.csv,results/2026-09/tables/framework_matrix.csv,16978,ffa9fe7afe71463b47c4fa2f3714b554f832a3c8dff0b722bfafb8edce02b9df
output/revision_2026-09/tables/framework_sought_constructs.csv,results/2026-09/tables/framework_sought_constructs.csv,1776,7c98c6dc6b15895eb342fadc201b675d516f7637b7857a19029e5231b8779eb9
output/tables/questionnaire_inventory.csv,results/2026-09/tables/questionnaire_inventory.csv,18952,ab3ffebba2b735fecabfb627fc6055c89b23043393d0ca5ee45845f601a4dc76
output/Report - Customers of private hospitals in the Thai health system.docx,results/2026-09/report.docx,1232244,6e2cff6efa1022dd7e29be36e17c3b792dc70c0de1bf5581db8096a6df0f82ed
